{"data":{"contentfulMarketSector":{"slug":"granite-infrastructure","title":"Granite Infrastructure","ratingsDisplayed":1,"researchDisplayed":1,"videosDisplayed":2,"eventsDisplayed":1,"podcastsDisplayed":1,"banner":{"image":{"file":{"url":"//images.ctfassets.net/03fbs7oah13w/63puEMmiCyXkwhB2D9ad2H/cc69c62b0015b33a754042924e1fbd49/audience-blur-bokeh-976866.jpg"}},"title":"Copy Internal Handcrafted Plastic Bike","abstract":{"abstract":"Quos eveniet nemo et labore magni odit laudantium ut. Aperiam voluptatem quam aut. Aut cupiditate voluptatem quisquam porro ducimus. Dolor magnam sapiente dolorum tempora. Ipsum aut vel. Debitis ab veniam."}}}},"pageContext":{"slug":"granite-infrastructure"}}