{
  "data": [
    {
      "title": "CORRECT 1 test",
      "docType": "PR",
      "racNrac": "R",
      "publishUTCDate": 1542379160559,
      "reportTypeID": null,
      "dbDocID": 10050353,
      "subscriptionProductMappingList": null,
      "criteriaList": {
        "relatedReportIdList": null,
        "additionalDisclosureIdList": ["PR_10050353"],
        "solicitationDisclosureIdList": ["PR_10050353"]
      },
      "sectorList": [
        {
          "sectorName": "Fund and Asset Manager Ratings",
          "sectorId": "08",
          "subSectorList": [
            { "subSectorName": "Closed End Funds", "subSectorId": "08010300" },
            { "subSectorName": "Money Market Funds", "subSectorId": "08010100" }
          ]
        }
      ],
      "regionNameList": null,
      "fcReportType": "Rating Action Commentary",
      "langID": "1",
      "language": "English",
      "authorList": null,
      "countryTaggingList": [
        { "countryID": 128, "countryName": "Luxembourg", "countryCD": "LUX" },
        { "countryID": 223, "countryName": "United States", "countryCD": "USA" }
      ],
      "primaryReportList": null,
      "marketFocusName": null,
      "abstract": " \n\n\nTHIS IS A TEST, PLEASE IGNORE!Fitch Ratings-Chicago-16 November 2018: test\nKEY RATING DRIVERS\ntest\nINVESTMENT MANAGER\ntest\nRATING SENSITIVITIES\ntest\nCRITERIA VARIATION\nmvik-7\nSUMMARY OF FINANCIAL ADJUSTMENTS\nmvik-7\nNEW FINANCIAL INSTRUMENTS\nmvik-7\nmvik-7\ntest\nPUBLIC RATINGS WITH CREDIT LINKAGE ..."
    },
    {
      "title": "NRAC 650 ISSUERS",
      "docType": "PR",
      "racNrac": "N",
      "publishUTCDate": 1542048624341,
      "reportTypeID": null,
      "dbDocID": 10050118,
      "subscriptionProductMappingList": null,
      "criteriaList": {
        "relatedReportIdList": null,
        "additionalDisclosureIdList": null,
        "solicitationDisclosureIdList": null
      },
      "sectorList": [
        {
          "sectorName": "Corporate Finance",
          "sectorId": "01",
          "subSectorList": [
            { "subSectorName": "Banks", "subSectorId": "01010100" },
            {
              "subSectorName": "Energy (Oil & Gas)",
              "subSectorId": "01031000"
            },
            {
              "subSectorName": "Gaming, Lodging & Leisure",
              "subSectorId": "01032100"
            },
            { "subSectorName": "Global Power", "subSectorId": "01020000" },
            { "subSectorName": "Health Care", "subSectorId": "01031700" },
            { "subSectorName": "Health Insurers", "subSectorId": "01010304" },
            { "subSectorName": "Homebuilding", "subSectorId": "01032400" },
            { "subSectorName": "Leveraged Finance", "subSectorId": "01070000" },
            {
              "subSectorName": "Media & Entertainment",
              "subSectorId": "01030700"
            },
            {
              "subSectorName": "Non-Bank Financial Institutions",
              "subSectorId": "01010200"
            },
            { "subSectorName": "Non-Life Insurers", "subSectorId": "01010308" },
            {
              "subSectorName": "Property/Real Estate",
              "subSectorId": "01031800"
            },
            {
              "subSectorName": "Real Estate Investment Trusts",
              "subSectorId": "01010210"
            },
            { "subSectorName": "Technology", "subSectorId": "01030500" },
            {
              "subSectorName": "Telecommunications",
              "subSectorId": "01030400"
            },
            { "subSectorName": "Transportation", "subSectorId": "01030800" },
            {
              "subSectorName": "Universal Commercial Banks",
              "subSectorId": "01010111"
            }
          ]
        },
        {
          "sectorName": "Structured Finance",
          "sectorId": "03",
          "subSectorList": [
            { "subSectorName": "ABCP - Other", "subSectorId": "03010407" },
            {
              "subSectorName": "Asset Backed Commercial Paper",
              "subSectorId": "03010400"
            },
            {
              "subSectorName": "Asset-Backed Securities",
              "subSectorId": "03010000"
            },
            { "subSectorName": "CBOs", "subSectorId": "03070300" },
            { "subSectorName": "IG Corporate CDOs", "subSectorId": "03070500" },
            { "subSectorName": "Other CDOs", "subSectorId": "03070800" },
            {
              "subSectorName": "Residential Mortgage",
              "subSectorId": "03030000"
            },
            { "subSectorName": "Single Borrower", "subSectorId": "03021000" },
            { "subSectorName": "Structured Credit", "subSectorId": "03070000" },
            { "subSectorName": "Student Loans", "subSectorId": "03010300" }
          ]
        },
        {
          "sectorName": "U.S. Public Finance",
          "sectorId": "04",
          "subSectorList": [
            {
              "subSectorName": "Continuing Care Retirement Community (CCRC)",
              "subSectorId": "04030200"
            },
            {
              "subSectorName": "County General Obligation",
              "subSectorId": "04010201"
            },
            { "subSectorName": "Healthcare", "subSectorId": "04030000" },
            { "subSectorName": "Higher Education", "subSectorId": "04070100" },
            { "subSectorName": "Hospital", "subSectorId": "04030100" },
            {
              "subSectorName": "Local Housing Agencies",
              "subSectorId": "04080200"
            },
            { "subSectorName": "Revenue Supported", "subSectorId": "04020000" },
            {
              "subSectorName": "School District Dedicated Tax",
              "subSectorId": "04010403"
            },
            {
              "subSectorName": "School District General Obligations",
              "subSectorId": "04010401"
            },
            {
              "subSectorName": "School District Obligations",
              "subSectorId": "04010400"
            },
            {
              "subSectorName": "Special District Dedicated Tax",
              "subSectorId": "04010503"
            },
            {
              "subSectorName": "Special District General Obligation",
              "subSectorId": "04010501"
            },
            {
              "subSectorName": "Special District Obligations",
              "subSectorId": "04010500"
            },
            {
              "subSectorName": "State Dedicated Tax",
              "subSectorId": "04010103"
            },
            {
              "subSectorName": "State General Obligation",
              "subSectorId": "04010101"
            },
            {
              "subSectorName": "State Short-Term Obligations",
              "subSectorId": "04010104"
            },
            { "subSectorName": "Tax-Supported", "subSectorId": "04010000" },
            { "subSectorName": "Water & Sewer", "subSectorId": "04020100" }
          ]
        },
        {
          "sectorName": "International Public Finance",
          "sectorId": "06",
          "subSectorList": [
            { "subSectorName": "Public Entities", "subSectorId": "06020000" }
          ]
        },
        {
          "sectorName": "Global Infrastructure and Project Finance",
          "sectorId": "07",
          "subSectorList": [
            { "subSectorName": "Healthcare", "subSectorId": "07080200" },
            {
              "subSectorName": "Other Transportation",
              "subSectorId": "07100600"
            },
            { "subSectorName": "Power", "subSectorId": "07050100" },
            { "subSectorName": "Toll Roads", "subSectorId": "07100400" },
            {
              "subSectorName": "Whole Business Securitizations",
              "subSectorId": "07140000"
            }
          ]
        },
        {
          "sectorName": "Fund and Asset Manager Ratings",
          "sectorId": "08",
          "subSectorList": [
            { "subSectorName": "Balanced Funds", "subSectorId": "08011100" },
            {
              "subSectorName": "Local Government Investment Pools (LGIPs)",
              "subSectorId": "08010200"
            }
          ]
        }
      ],
      "regionNameList": null,
      "fcReportType": "Non-Rating Action Commentary",
      "langID": "1",
      "language": "English",
      "authorList": null,
      "countryTaggingList": [
        { "countryID": 15, "countryName": "Australia", "countryCD": "AUS" },
        { "countryID": 19, "countryName": "Belgium", "countryCD": "BEL" },
        { "countryID": 38, "countryName": "Canada", "countryCD": "CAN" },
        {
          "countryID": 53,
          "countryName": "Cayman Islands",
          "countryCD": "CYM"
        },
        { "countryID": 72, "countryName": "France", "countryCD": "FRA" },
        { "countryID": 78, "countryName": "Georgia", "countryCD": "GEO" },
        { "countryID": 102, "countryName": "Ireland", "countryCD": "IRL" },
        { "countryID": 117, "countryName": "South Korea", "countryCD": "KOR" },
        { "countryID": 128, "countryName": "Luxembourg", "countryCD": "LUX" },
        { "countryID": 136, "countryName": "Mexico", "countryCD": "MEX" },
        { "countryID": 240, "countryName": "Multiple", "countryCD": "XXX" },
        { "countryID": 186, "countryName": "Singapore", "countryCD": "SGP" },
        { "countryID": 217, "countryName": "Taiwan", "countryCD": "TWN" },
        {
          "countryID": 77,
          "countryName": "United Kingdom",
          "countryCD": "GBR"
        },
        {
          "countryID": 223,
          "countryName": "United States",
          "countryCD": "USA"
        },
        {
          "countryID": 228,
          "countryName": "Virgin Islands (British)",
          "countryCD": "VGB"
        }
      ],
      "primaryReportList": [
        {
          "reportTitle": "Research 650 issuers",
          "reportID": 10050121,
          "dtpReportID": 939228,
          "publishedDate": null
        }
      ],
      "marketFocusName": null,
      "abstract": " \n\n\nLink to Fitch Ratings' Report(s): Research 650 issuersTHIS IS A TEST, PLEASE IGNORE!Fitch Ratings-Bangkok/Taipei/Singapore-12 November 2018: Fitch Ratings, City, 25 August 2016:\n[type text here]\n\n\nContact:\nPrimary Analyst\n[Name]\nTitle\n+44 20 7xxx xxxx\nFull legal name of office (e.g. Fitch Italia S.P.A.)\nAddress of Office\n\nSecondary Analyst\n[Name]\nTitle\n+44 20 7xxx xxxx\n\nCommittee Chairperson\n[Name ..."
    },
    {
      "title": "Research 650 issuers",
      "docType": "RPT",
      "racNrac": null,
      "publishUTCDate": 1542048608346,
      "reportTypeID": "FP",
      "dbDocID": 10050121,
      "subscriptionProductMappingList": [
        "JPWS01",
        "JPWS03",
        "JPWS05",
        "PFOCDS",
        "PFOCDS01",
        "PFOCDS0101",
        "PFOCDS0102",
        "PFOCDS0103",
        "PFOCDS0104",
        "PFOCDS02",
        "PFOCDS0201",
        "PFOCDS0202",
        "PFOCDS0203",
        "PFOCDS0204",
        "PFOCDSIR",
        "PFOCDSIR01",
        "PFOCDSIR0101",
        "PFOCDSIR0102",
        "PFOCDSIR0103",
        "PFOCDSIR0104",
        "PFOCDSIR02",
        "PFOCDSIR0201",
        "PFOCDSIR0202",
        "PFOCDSIR0203",
        "PFOCDSIR0204",
        "PFOCRI01",
        "PFOCRI0101",
        "PFOCRI0102",
        "PFOCRI0103",
        "PFOCRI0104",
        "PFOCRI02",
        "PFOCRI0201",
        "PFOCRI0202",
        "PFOCRI0203",
        "PFOCRI0204",
        "PFOEIR",
        "PFOEIR01",
        "PFOEIR0101",
        "PFOEIR0102",
        "PFOEIR0103",
        "PFOEIR0104",
        "PFOEIR02",
        "PFOEIR0201",
        "PFOEIR0202",
        "PFOEIR0203",
        "PFOEIR0204",
        "PFOEIR05",
        "PFOFF01",
        "PFOFF0101",
        "PFOFF0102",
        "PFOFF0103",
        "PFOFF0104",
        "PFOFF02",
        "PFOFF0201",
        "PFOFF0202",
        "PFOFF0203",
        "PFOFF0204",
        "PFOFIN",
        "PFOFIN01",
        "PFOFIN0101",
        "PFOFIN0102",
        "PFOFIN0103",
        "PFOFIN0104",
        "PFOFIN02",
        "PFOFIN0201",
        "PFOFIN0202",
        "PFOFIN0203",
        "PFOFIN0204",
        "PFOFIR",
        "PFOFIR01",
        "PFOFIR02",
        "PFOFIR03",
        "PFOFIR04",
        "PFOFR01",
        "PFOFR0101",
        "PFOFR0102",
        "PFOFR0103",
        "PFOFR0104",
        "PFOFR02",
        "PFOFR0201",
        "PFOFR0202",
        "PFOFR0203",
        "PFOFR0204",
        "PFOFR05",
        "PFOFR06",
        "PFOFR07",
        "PFOFR0701",
        "PFOFR0702",
        "PFOFR0703",
        "PFOGLOBAL",
        "PFORAT",
        "PFORAT01",
        "PFORAT0101",
        "PFORAT0102",
        "PFORAT0103",
        "PFORAT0104",
        "PFORAT02",
        "PFORAT0201",
        "PFORAT0202",
        "PFORAT0203",
        "PFORAT0204",
        "PFORAT05",
        "PFORAT06",
        "PFORAT07",
        "PFORAT0701",
        "PFORAT0702",
        "PFORAT0703",
        "SP0101",
        "SP010101",
        "SP010102",
        "SP010103",
        "SP010104",
        "SP010105",
        "SP010106",
        "SP010111",
        "SP010112",
        "SP0201",
        "SP0202",
        "SP0203",
        "SP0204",
        "SP0205",
        "SP03",
        "SP04",
        "SP0401",
        "SP0402"
      ],
      "criteriaList": null,
      "sectorList": [
        {
          "sectorName": "Corporate Finance",
          "sectorId": "01",
          "subSectorList": [
            { "subSectorName": "Capital Goods", "subSectorId": "01031400" },
            { "subSectorName": "Covered Bonds", "subSectorId": "01010700" },
            { "subSectorName": "Leveraged Finance", "subSectorId": "01070000" },
            {
              "subSectorName": "Universal Commercial Banks",
              "subSectorId": "01010111"
            }
          ]
        },
        {
          "sectorName": "Structured Finance",
          "sectorId": "03",
          "subSectorList": [
            {
              "subSectorName": "ABS Primary Servicer",
              "subSectorId": "03013809"
            },
            { "subSectorName": "Aircraft Finance", "subSectorId": "03011000" },
            {
              "subSectorName": "Asset-Backed Securities",
              "subSectorId": "03010000"
            },
            {
              "subSectorName": "Credit Card Receivables",
              "subSectorId": "03010700"
            },
            {
              "subSectorName": "Credit Cards - Sub-Prime",
              "subSectorId": "03010702"
            },
            {
              "subSectorName": "Equipment - Loan/Lease",
              "subSectorId": "03011401"
            },
            {
              "subSectorName": "Middle Market Loans (MM)",
              "subSectorId": "03070402"
            },
            { "subSectorName": "Prime RMBS", "subSectorId": "03031500" },
            { "subSectorName": "SME ABS", "subSectorId": "03014200" },
            { "subSectorName": "Single Borrower", "subSectorId": "03021000" },
            { "subSectorName": "Structured Credit", "subSectorId": "03070000" },
            {
              "subSectorName": "Subprime/Home Equity RMBS",
              "subSectorId": "03032900"
            },
            {
              "subSectorName": "Trade Finance Loans",
              "subSectorId": "03015700"
            },
            {
              "subSectorName": "Unsecured Consumer Loans",
              "subSectorId": "03010800"
            }
          ]
        },
        {
          "sectorName": "U.S. Public Finance",
          "sectorId": "04",
          "subSectorList": [
            {
              "subSectorName": "Continuing Care Retirement Community (CCRC)",
              "subSectorId": "04030200"
            },
            {
              "subSectorName": "Municipal Structured Finance",
              "subSectorId": "04040000"
            },
            {
              "subSectorName": "Nonprofit Institutions",
              "subSectorId": "04070200"
            },
            {
              "subSectorName": "School District Obligations",
              "subSectorId": "04010400"
            }
          ]
        },
        {
          "sectorName": "Global Infrastructure and Project Finance",
          "sectorId": "07",
          "subSectorList": [
            { "subSectorName": "Seaports", "subSectorId": "07100300" }
          ]
        }
      ],
      "regionNameList": null,
      "fcReportType": "Profile",
      "langID": "1",
      "language": "English",
      "authorList": [
        {
          "reportID": 0,
          "id": 114725,
          "analystRanking": 1,
          "empID": 0,
          "cntryID": 0,
          "cntryName": null,
          "name": "Batista, Barbara",
          "analystName": null
        },
        {
          "reportID": 0,
          "id": 147986,
          "analystRanking": 2,
          "empID": 0,
          "cntryID": 0,
          "cntryName": null,
          "name": "Bushart, Christopher",
          "analystName": null
        },
        {
          "reportID": 0,
          "id": 108025,
          "analystRanking": 3,
          "empID": 0,
          "cntryID": 0,
          "cntryName": null,
          "name": "Carroll, David",
          "analystName": null
        },
        {
          "reportID": 0,
          "id": 3640,
          "analystRanking": 4,
          "empID": 0,
          "cntryID": 0,
          "cntryName": null,
          "name": "Cerda, Lauren K",
          "analystName": null
        },
        {
          "reportID": 0,
          "id": 166745,
          "analystRanking": 5,
          "empID": 0,
          "cntryID": 0,
          "cntryName": null,
          "name": "Cerit, Cigdem",
          "analystName": null
        },
        {
          "reportID": 0,
          "id": 238603,
          "analystRanking": 6,
          "empID": 0,
          "cntryID": 0,
          "cntryName": null,
          "name": "Chiu, Tiffany",
          "analystName": null
        },
        {
          "reportID": 0,
          "id": 114485,
          "analystRanking": 7,
          "empID": 0,
          "cntryID": 0,
          "cntryName": null,
          "name": "Civico, Mario",
          "analystName": null
        },
        {
          "reportID": 0,
          "id": 3820,
          "analystRanking": 8,
          "empID": 0,
          "cntryID": 0,
          "cntryName": null,
          "name": "Cook, Lisa",
          "analystName": null
        },
        {
          "reportID": 0,
          "id": 3476,
          "analystRanking": 9,
          "empID": 0,
          "cntryID": 0,
          "cntryName": null,
          "name": "Flanders, Nathan",
          "analystName": null
        },
        {
          "reportID": 0,
          "id": 107325,
          "analystRanking": 10,
          "empID": 0,
          "cntryID": 0,
          "cntryName": null,
          "name": "Fox, Adam",
          "analystName": null
        },
        {
          "reportID": 0,
          "id": 3347,
          "analystRanking": 11,
          "empID": 0,
          "cntryID": 0,
          "cntryName": null,
          "name": "Gorelik, Gregory",
          "analystName": null
        },
        {
          "reportID": 0,
          "id": 234483,
          "analystRanking": 12,
          "empID": 0,
          "cntryID": 0,
          "cntryName": null,
          "name": "Groombridge, Timothy",
          "analystName": null
        },
        {
          "reportID": 0,
          "id": 231060,
          "analystRanking": 13,
          "empID": 0,
          "cntryID": 0,
          "cntryName": null,
          "name": "Han, Jake",
          "analystName": null
        },
        {
          "reportID": 0,
          "id": 230627,
          "analystRanking": 14,
          "empID": 0,
          "cntryID": 0,
          "cntryName": null,
          "name": "Hatchett, Chase",
          "analystName": null
        },
        {
          "reportID": 0,
          "id": 236954,
          "analystRanking": 15,
          "empID": 0,
          "cntryID": 0,
          "cntryName": null,
          "name": "Hu, Deke",
          "analystName": null
        },
        {
          "reportID": 0,
          "id": 120385,
          "analystRanking": 16,
          "empID": 0,
          "cntryID": 0,
          "cntryName": null,
          "name": "Hung, Henry",
          "analystName": null
        },
        {
          "reportID": 0,
          "id": 3636,
          "analystRanking": 17,
          "empID": 0,
          "cntryID": 0,
          "cntryName": null,
          "name": "Johnson, Britt",
          "analystName": null
        },
        {
          "reportID": 0,
          "id": 232887,
          "analystRanking": 18,
          "empID": 0,
          "cntryID": 0,
          "cntryName": null,
          "name": "Johnson, Margaret",
          "analystName": null
        },
        {
          "reportID": 0,
          "id": 235915,
          "analystRanking": 19,
          "empID": 0,
          "cntryID": 0,
          "cntryName": null,
          "name": "Koreas, Alexia",
          "analystName": null
        },
        {
          "reportID": 0,
          "id": 141005,
          "analystRanking": 20,
          "empID": 0,
          "cntryID": 0,
          "cntryName": null,
          "name": "Leone, Diana",
          "analystName": null
        },
        {
          "reportID": 0,
          "id": 131025,
          "analystRanking": 21,
          "empID": 0,
          "cntryID": 0,
          "cntryName": null,
          "name": "Leung, James",
          "analystName": null
        },
        {
          "reportID": 0,
          "id": 236799,
          "analystRanking": 22,
          "empID": 0,
          "cntryID": 0,
          "cntryName": null,
          "name": "Ma, Vincent",
          "analystName": null
        },
        {
          "reportID": 0,
          "id": 118510,
          "analystRanking": 23,
          "empID": 0,
          "cntryID": 0,
          "cntryName": null,
          "name": "Manofsky, Peter",
          "analystName": null
        },
        {
          "reportID": 0,
          "id": 161345,
          "analystRanking": 24,
          "empID": 0,
          "cntryID": 0,
          "cntryName": null,
          "name": "Martinez, Ruben I",
          "analystName": null
        },
        {
          "reportID": 0,
          "id": 134205,
          "analystRanking": 25,
          "empID": 0,
          "cntryID": 0,
          "cntryName": null,
          "name": "McGovern, Stacey",
          "analystName": null
        },
        {
          "reportID": 0,
          "id": 230300,
          "analystRanking": 26,
          "empID": 0,
          "cntryID": 0,
          "cntryName": null,
          "name": "Noli, Giulia",
          "analystName": null
        },
        {
          "reportID": 0,
          "id": 111385,
          "analystRanking": 27,
          "empID": 0,
          "cntryID": 0,
          "cntryName": null,
          "name": "Noonan, Rachel",
          "analystName": null
        },
        {
          "reportID": 0,
          "id": 159145,
          "analystRanking": 28,
          "empID": 0,
          "cntryID": 0,
          "cntryName": null,
          "name": "Norrman, Bjorn",
          "analystName": null
        },
        {
          "reportID": 0,
          "id": 169247,
          "analystRanking": 29,
          "empID": 0,
          "cntryID": 0,
          "cntryName": null,
          "name": "Pami, Ryan",
          "analystName": null
        },
        {
          "reportID": 0,
          "id": 140452,
          "analystRanking": 30,
          "empID": 0,
          "cntryID": 0,
          "cntryName": null,
          "name": "Park, Richard",
          "analystName": null
        },
        {
          "reportID": 0,
          "id": 144745,
          "analystRanking": 31,
          "empID": 0,
          "cntryID": 0,
          "cntryName": null,
          "name": "Quattromani, Danilo",
          "analystName": null
        },
        {
          "reportID": 0,
          "id": 153225,
          "analystRanking": 32,
          "empID": 0,
          "cntryID": 0,
          "cntryName": null,
          "name": "Rizzo, Paul",
          "analystName": null
        },
        {
          "reportID": 0,
          "id": 134405,
          "analystRanking": 33,
          "empID": 0,
          "cntryID": 0,
          "cntryName": null,
          "name": "Rossiter, William",
          "analystName": null
        },
        {
          "reportID": 0,
          "id": 103085,
          "analystRanking": 34,
          "empID": 0,
          "cntryID": 0,
          "cntryName": null,
          "name": "Settepani, Alessandro",
          "analystName": null
        },
        {
          "reportID": 0,
          "id": 226229,
          "analystRanking": 35,
          "empID": 0,
          "cntryID": 0,
          "cntryName": null,
          "name": "Simon, Peter",
          "analystName": null
        },
        {
          "reportID": 0,
          "id": 102082,
          "analystRanking": 36,
          "empID": 0,
          "cntryID": 0,
          "cntryName": null,
          "name": "Slump, Roelof",
          "analystName": null
        },
        {
          "reportID": 0,
          "id": 143125,
          "analystRanking": 37,
          "empID": 0,
          "cntryID": 0,
          "cntryName": null,
          "name": "Sokolow, Gary",
          "analystName": null
        },
        {
          "reportID": 0,
          "id": 1071,
          "analystRanking": 38,
          "empID": 0,
          "cntryID": 0,
          "cntryName": null,
          "name": "Somerville, Huxley",
          "analystName": null
        },
        {
          "reportID": 0,
          "id": 233874,
          "analystRanking": 39,
          "empID": 0,
          "cntryID": 0,
          "cntryName": null,
          "name": "Stankovski, Chris",
          "analystName": null
        },
        {
          "reportID": 0,
          "id": 128905,
          "analystRanking": 40,
          "empID": 0,
          "cntryID": 0,
          "cntryName": null,
          "name": "Sutherland, Robert",
          "analystName": null
        },
        {
          "reportID": 0,
          "id": 3753,
          "analystRanking": 41,
          "empID": 0,
          "cntryID": 0,
          "cntryName": null,
          "name": "Tam-Blumenthal, Lee",
          "analystName": null
        },
        {
          "reportID": 0,
          "id": 140510,
          "analystRanking": 42,
          "empID": 0,
          "cntryID": 0,
          "cntryName": null,
          "name": "Tierney, Lauren",
          "analystName": null
        },
        {
          "reportID": 0,
          "id": 4023,
          "analystRanking": 43,
          "empID": 0,
          "cntryID": 0,
          "cntryName": null,
          "name": "Trebach, Karen",
          "analystName": null
        },
        {
          "reportID": 0,
          "id": 140806,
          "analystRanking": 44,
          "empID": 0,
          "cntryID": 0,
          "cntryName": null,
          "name": "Treccani, Barbara",
          "analystName": null
        },
        {
          "reportID": 0,
          "id": 4004,
          "analystRanking": 45,
          "empID": 0,
          "cntryID": 0,
          "cntryName": null,
          "name": "Trieu, Du",
          "analystName": null
        },
        {
          "reportID": 0,
          "id": 233983,
          "analystRanking": 46,
          "empID": 0,
          "cntryID": 0,
          "cntryName": null,
          "name": "Viniegra, Fernando",
          "analystName": null
        },
        {
          "reportID": 0,
          "id": 4274,
          "analystRanking": 47,
          "empID": 0,
          "cntryID": 0,
          "cntryName": null,
          "name": "Vojvodic, Natasha",
          "analystName": null
        },
        {
          "reportID": 0,
          "id": 140765,
          "analystRanking": 48,
          "empID": 0,
          "cntryID": 0,
          "cntryName": null,
          "name": "Wan, Tracy",
          "analystName": null
        },
        {
          "reportID": 0,
          "id": 115346,
          "analystRanking": 49,
          "empID": 0,
          "cntryID": 0,
          "cntryName": null,
          "name": "Wong, Joanne",
          "analystName": null
        },
        {
          "reportID": 0,
          "id": 178485,
          "analystRanking": 50,
          "empID": 0,
          "cntryID": 0,
          "cntryName": null,
          "name": "Yakimovich, Konstantin",
          "analystName": null
        },
        {
          "reportID": 0,
          "id": 121905,
          "analystRanking": 51,
          "empID": 0,
          "cntryID": 0,
          "cntryName": null,
          "name": "Yan, Christine",
          "analystName": null
        },
        {
          "reportID": 0,
          "id": 122065,
          "analystRanking": 52,
          "empID": 0,
          "cntryID": 0,
          "cntryName": null,
          "name": "Yoon, Christine",
          "analystName": null
        },
        {
          "reportID": 0,
          "id": 3875,
          "analystRanking": 53,
          "empID": 0,
          "cntryID": 0,
          "cntryName": null,
          "name": "van der Weijden, Marjan",
          "analystName": null
        },
        {
          "reportID": 0,
          "id": 101483,
          "analystRanking": 54,
          "empID": 0,
          "cntryID": 0,
          "cntryName": null,
          "name": "Aikins, Natasha",
          "analystName": null
        },
        {
          "reportID": 0,
          "id": 194485,
          "analystRanking": 55,
          "empID": 0,
          "cntryID": 0,
          "cntryName": null,
          "name": "Austin, Tipper",
          "analystName": null
        },
        {
          "reportID": 0,
          "id": 216789,
          "analystRanking": 56,
          "empID": 0,
          "cntryID": 0,
          "cntryName": null,
          "name": "Barrow, Richard",
          "analystName": null
        }
      ],
      "countryTaggingList": [
        { "countryID": 15, "countryName": "Australia", "countryCD": "AUS" },
        { "countryID": 107, "countryName": "Italy", "countryCD": "ITA" },
        { "countryID": 136, "countryName": "Mexico", "countryCD": "MEX" },
        { "countryID": 159, "countryName": "Netherlands", "countryCD": "NLD" },
        { "countryID": 186, "countryName": "Singapore", "countryCD": "SGP" },
        { "countryID": 40, "countryName": "Switzerland", "countryCD": "CHE" },
        {
          "countryID": 77,
          "countryName": "United Kingdom",
          "countryCD": "GBR"
        },
        { "countryID": 223, "countryName": "United States", "countryCD": "USA" }
      ],
      "primaryReportList": null,
      "marketFocusName": null,
      "abstract": "test"
    },
    {
      "title": "Aberdeen Asia-Pacific Income Fund, Inc",
      "docType": "PR",
      "racNrac": "R",
      "publishUTCDate": 1539614685466,
      "reportTypeID": null,
      "dbDocID": 10043351,
      "subscriptionProductMappingList": null,
      "criteriaList": {
        "relatedReportIdList": null,
        "additionalDisclosureIdList": null,
        "solicitationDisclosureIdList": null
      },
      "sectorList": [
        {
          "sectorName": "Fund and Asset Manager Ratings",
          "sectorId": "08",
          "subSectorList": [
            { "subSectorName": "Closed End Funds", "subSectorId": "08010300" }
          ]
        }
      ],
      "regionNameList": null,
      "fcReportType": "Rating Action Commentary",
      "langID": "2",
      "language": "French",
      "authorList": null,
      "countryTaggingList": [
        { "countryID": 223, "countryName": "United States", "countryCD": "USA" }
      ],
      "primaryReportList": null,
      "marketFocusName": null,
      "abstract": " \n\n\nTHIS IS A TEST, PLEASE IGNORE!Fitch Ratings-New York-15 October 2018: Editor--Argentina y en menor grado Brasil han experimentado las presiones externas ms fuertes, mientras que otras economas han demostrado mayor resistenciaFONDAMENTAUX DES NOTES Argentina y en menor grado Brasil han experimentado ..."
    },
    {
      "title": "Aberdeen Asia-Pacific Income Fund, Inc",
      "docType": "PR",
      "racNrac": "R",
      "publishUTCDate": 1539614685465,
      "reportTypeID": null,
      "dbDocID": 10043349,
      "subscriptionProductMappingList": null,
      "criteriaList": {
        "relatedReportIdList": null,
        "additionalDisclosureIdList": ["PR_10043349"],
        "solicitationDisclosureIdList": ["PR_10043349"]
      },
      "sectorList": [
        {
          "sectorName": "Fund and Asset Manager Ratings",
          "sectorId": "08",
          "subSectorList": [
            { "subSectorName": "Closed End Funds", "subSectorId": "08010300" }
          ]
        }
      ],
      "regionNameList": null,
      "fcReportType": "Rating Action Commentary",
      "langID": "9",
      "language": "Polish",
      "authorList": null,
      "countryTaggingList": [
        { "countryID": 223, "countryName": "United States", "countryCD": "USA" }
      ],
      "primaryReportList": null,
      "marketFocusName": null,
      "abstract": " \n\n\nTHIS IS A TEST, PLEASE IGNORE!Fitch Ratings-New York-15 October 2018: Editor--Fitch potwierdzil rwniez miedzynarodowy dlugoterminowy rating dla zadluzenia w walucie krajowej..KEY RATING DRIVERS Fitch potwierdzil rwniez miedzynarodowy dlugoterminowy rating dla zadluzenia w walucie krajowej..Fitch ..."
    },
    {
      "title": "Aberdeen Asia-Pacific Income Fund, Inc",
      "docType": "PR",
      "racNrac": "R",
      "publishUTCDate": 1539614685446,
      "reportTypeID": null,
      "dbDocID": 10043347,
      "subscriptionProductMappingList": null,
      "criteriaList": {
        "relatedReportIdList": null,
        "additionalDisclosureIdList": ["PR_10043347"],
        "solicitationDisclosureIdList": ["PR_10043347"]
      },
      "sectorList": [
        {
          "sectorName": "Fund and Asset Manager Ratings",
          "sectorId": "08",
          "subSectorList": [
            { "subSectorName": "Closed End Funds", "subSectorId": "08010300" }
          ]
        }
      ],
      "regionNameList": null,
      "fcReportType": "Rating Action Commentary",
      "langID": "1",
      "language": "English",
      "authorList": null,
      "countryTaggingList": [
        { "countryID": 223, "countryName": "United States", "countryCD": "USA" }
      ],
      "primaryReportList": null,
      "marketFocusName": null,
      "abstract": " \n\n\nTHIS IS A TEST, PLEASE IGNORE!Fitch Ratings-New York-15 October 2018: Editor..-Fitch Ratings is a leading provider of credit ratings, commentary and research. Dedicated to providing value beyond the rating through independent and prospective credit opinions, Fitch Ratings offers global perspectives ..."
    },
    {
      "title": "Aberdeen Asia-Pacific Income Fund, Inc",
      "docType": "PR",
      "racNrac": "R",
      "publishUTCDate": 1539614685429,
      "reportTypeID": null,
      "dbDocID": 10043348,
      "subscriptionProductMappingList": null,
      "criteriaList": {
        "relatedReportIdList": null,
        "additionalDisclosureIdList": null,
        "solicitationDisclosureIdList": null
      },
      "sectorList": [
        {
          "sectorName": "Fund and Asset Manager Ratings",
          "sectorId": "08",
          "subSectorList": [
            { "subSectorName": "Closed End Funds", "subSectorId": "08010300" }
          ]
        }
      ],
      "regionNameList": null,
      "fcReportType": "Rating Action Commentary",
      "langID": "5",
      "language": "Spanish",
      "authorList": null,
      "countryTaggingList": [
        { "countryID": 223, "countryName": "United States", "countryCD": "USA" }
      ],
      "primaryReportList": null,
      "marketFocusName": null,
      "abstract": " \n\n\nTHIS IS A TEST, PLEASE IGNORE!Fitch Ratings-New York-15 October 2018: Editor--Han llevado a condiciones de liquidez externa ms ajustada y un riesgo mayor de depreciacin de monedas en algunos pases grandes de Latam..Factores Clave de la(s) Calificación(es) Han llevado a condiciones de liquidez ..."
    }
  ],
  "columnHeaders": null
}
