{
  "data": [
    {
      "title": "RAC with translated research reports",
      "docType": "PR",
      "racNrac": "R",
      "publishUTCDate": 1547741436357,
      "reportTypeID": null,
      "dbDocID": 10059123,
      "subscriptionProductMappingList": null,
      "criteriaList": {
        "relatedReportIdList": [10037181],
        "additionalDisclosureIdList": null,
        "solicitationDisclosureIdList": null
      },
      "sectorList": [
        { "sectorName": "Sovereigns", "sectorId": "05", "subSectorList": null }
      ],
      "regionNameList": null,
      "fcReportType": "Rating Action Commentary",
      "langID": "2",
      "language": "French",
      "authorList": null,
      "countryTaggingList": [
        { "countryID": 178, "countryName": "Qatar", "countryCD": "QAT" }
      ],
      "primaryReportList": [
        {
          "reportTitle": "Research French",
          "reportID": 10059127,
          "dtpReportID": 943920,
          "publishedDate": null
        }
      ],
      "marketFocusName": null,
      "abstract": " \n\n\nLien vers le rapport Fitch Ratings Research FrenchTHIS IS A TEST, PLEASE IGNORE!Fitch Ratings-Bangkok/Singapore/Taipei-17 January 2019: RAC with translated research reportsContacts presse: Julia Belskaya von Tell, Moscow, Tel: +7 495 956 9908, Email: julia.belskayavontell@fitchratings.comAdditional information is available on www.fitchratings.comCritères ..."
    },
    {
      "title": "Colombia Mexico Chile RAC research",
      "docType": "PR",
      "racNrac": "R",
      "publishUTCDate": 1547679288374,
      "reportTypeID": null,
      "dbDocID": 10059099,
      "subscriptionProductMappingList": null,
      "criteriaList": {
        "relatedReportIdList": [10044408, 10023785],
        "additionalDisclosureIdList": null,
        "solicitationDisclosureIdList": null
      },
      "sectorList": [
        {
          "sectorName": "Corporate Finance",
          "sectorId": "01",
          "subSectorList": [
            {
              "subSectorName": "Telecommunications",
              "subSectorId": "01030400"
            },
            {
              "subSectorName": "Universal Commercial Banks",
              "subSectorId": "01010111"
            }
          ]
        },
        { "sectorName": "Sovereigns", "sectorId": "05", "subSectorList": null }
      ],
      "regionNameList": null,
      "fcReportType": "Rating Action Commentary",
      "langID": "5",
      "language": "Spanish",
      "authorList": null,
      "countryTaggingList": [
        { "countryID": 41, "countryName": "Chile", "countryCD": "CHL" },
        { "countryID": 47, "countryName": "Colombia", "countryCD": "COL" },
        { "countryID": 136, "countryName": "Mexico", "countryCD": "MEX" },
        { "countryID": 223, "countryName": "United States", "countryCD": "USA" }
      ],
      "primaryReportList": [
        {
          "reportTitle": null,
          "reportID": 10059100,
          "dtpReportID": 943910,
          "publishedDate": null
        }
      ],
      "marketFocusName": null,
      "abstract": " \n\n\nTHIS IS A TEST, PLEASE IGNORE!Fitch Ratings-Bangkok/Seoul/Singapore-16 January 2019: QARelación con medios: Julia Belskaya von Tell, Moscow, Tel.: +7 495 956 9908, Email: julia.belskayavontell@fitchratings.comAdditional information is available on www.fitchratings.comMetodología(s) Aplicada(s) Bank Rating ..."
    },
    {
      "title": "RACM ONLY ISSUE RATING CHANGE+RESEARCH",
      "docType": "PR",
      "racNrac": "R",
      "publishUTCDate": 1547593572033,
      "reportTypeID": null,
      "dbDocID": 10059046,
      "subscriptionProductMappingList": null,
      "criteriaList": {
        "relatedReportIdList": null,
        "additionalDisclosureIdList": ["PR_10059046"],
        "solicitationDisclosureIdList": ["PR_10059046"]
      },
      "sectorList": [
        {
          "sectorName": "Corporate Finance",
          "sectorId": "01",
          "subSectorList": [
            {
              "subSectorName": "Aerospace & Defense",
              "subSectorId": "01030600"
            },
            { "subSectorName": "Corporates", "subSectorId": "01030000" }
          ]
        },
        { "sectorName": "Sovereigns", "sectorId": "05", "subSectorList": null }
      ],
      "regionNameList": null,
      "fcReportType": "Rating Action Commentary",
      "langID": "1",
      "language": "English",
      "authorList": null,
      "countryTaggingList": [
        {
          "countryID": 223,
          "countryName": "United States",
          "countryCD": "USA"
        },
        { "countryID": 41, "countryName": "Chile", "countryCD": "CHL" }
      ],
      "primaryReportList": [
        {
          "reportTitle": "Research with RACM issue rating change",
          "reportID": 10059047,
          "dtpReportID": 943897,
          "publishedDate": null
        }
      ],
      "marketFocusName": null,
      "abstract": " \n\n\nTHIS IS A TEST, PLEASE IGNORE!Fitch Ratings-New York-15 January 2019: RACM ONLY ISSUE RATING CHANGE+RESEARCH\nKey Rating Drivers\nRACM ONLY ISSUE RATING CHANGE+RESEARCH\nDerivation Summary\nRACM ONLY ISSUE RATING CHANGE+RESEARCH\nKey Assumptions\nRACM ONLY ISSUE RATING CHANGE+RESEARCH\nRATING SENSITIVITIES ..."
    },
    {
      "title": "RAC ENGLISH MEXICO AND COSTA RICA",
      "docType": "PR",
      "racNrac": "R",
      "publishUTCDate": 1547591025312,
      "reportTypeID": null,
      "dbDocID": 10059043,
      "subscriptionProductMappingList": null,
      "criteriaList": {
        "relatedReportIdList": [10037181],
        "additionalDisclosureIdList": ["PR_10059043"],
        "solicitationDisclosureIdList": ["PR_10059043"]
      },
      "sectorList": [
        { "sectorName": "Sovereigns", "sectorId": "05", "subSectorList": null }
      ],
      "regionNameList": null,
      "fcReportType": "Rating Action Commentary",
      "langID": "1",
      "language": "English",
      "authorList": null,
      "countryTaggingList": [
        { "countryID": 50, "countryName": "Costa Rica", "countryCD": "CRI" },
        { "countryID": 136, "countryName": "Mexico", "countryCD": "MEX" }
      ],
      "primaryReportList": null,
      "marketFocusName": null,
      "abstract": " \n\n\nTHIS IS A TEST, PLEASE IGNORE!Fitch Ratings-Bangkok-15 January 2019: RAC ENGLISH MEXICO AND COSTA RICAAdditional information is available on www.fitchratings.comApplicable Criteria Sovereign Rating Criteria (pub. 19 Jul 2018)Additional DisclosuresDodd-Frank Rating Information Disclosure Form ..."
    },
    {
      "title": "RACM +Research NEW ISSUE rrrrrrrrr",
      "docType": "PR",
      "racNrac": "R",
      "publishUTCDate": 1547578338551,
      "reportTypeID": null,
      "dbDocID": 10059024,
      "subscriptionProductMappingList": null,
      "criteriaList": {
        "relatedReportIdList": null,
        "additionalDisclosureIdList": ["PR_10059024"],
        "solicitationDisclosureIdList": ["PR_10059024"]
      },
      "sectorList": [
        {
          "sectorName": "Corporate Finance",
          "sectorId": "01",
          "subSectorList": [
            {
              "subSectorName": "Aerospace & Defense",
              "subSectorId": "01030600"
            }
          ]
        },
        { "sectorName": "Sovereigns", "sectorId": "05", "subSectorList": null }
      ],
      "regionNameList": null,
      "fcReportType": "Rating Action Commentary",
      "langID": "1",
      "language": "English",
      "authorList": null,
      "countryTaggingList": [
        { "countryID": 41, "countryName": "Chile", "countryCD": "CHL" }
      ],
      "primaryReportList": [
        {
          "reportTitle": "Research with RACM",
          "reportID": 10059025,
          "dtpReportID": 943889,
          "publishedDate": null
        }
      ],
      "marketFocusName": null,
      "abstract": " \n\n\nLink to Fitch Ratings' Report(s): Research with RACMTHIS IS A TEST, PLEASE IGNORE!Fitch Ratings-New York-15 January 2019: RACM +Research NEW ISSUE rrrrrrrrr\nKey Rating Drivers\nRACM +Research NEW ISSUE rrrrrrrrrr\nDerivation Summary\nRACM +Research NEW ISSUE\nKey Assumptions\nRACM +Research NEW ISSUE\nRATING SENSITIVITIES\nRACM +Research NEW ISSUE ..."
    },
    {
      "title": "SPANISH CHILE AND QATAR WITH ASSOCIATED RESEARCH",
      "docType": "PR",
      "racNrac": "R",
      "publishUTCDate": 1547575221881,
      "reportTypeID": null,
      "dbDocID": 10059018,
      "subscriptionProductMappingList": null,
      "criteriaList": {
        "relatedReportIdList": [10037181],
        "additionalDisclosureIdList": null,
        "solicitationDisclosureIdList": null
      },
      "sectorList": [
        { "sectorName": "Sovereigns", "sectorId": "05", "subSectorList": null }
      ],
      "regionNameList": null,
      "fcReportType": "Rating Action Commentary",
      "langID": "5",
      "language": "Spanish",
      "authorList": null,
      "countryTaggingList": [
        { "countryID": 41, "countryName": "Chile", "countryCD": "CHL" },
        { "countryID": 178, "countryName": "Qatar", "countryCD": "QAT" },
        { "countryID": 223, "countryName": "United States", "countryCD": "USA" }
      ],
      "primaryReportList": [
        {
          "reportTitle": "Associated spanish report NEW ISSUE",
          "reportID": 10059019,
          "dtpReportID": 943888,
          "publishedDate": null
        }
      ],
      "marketFocusName": null,
      "abstract": " \n\n\nTHIS IS A TEST, PLEASE IGNORE!Fitch Ratings-Austin-15 January 2019: SPANISH CHILE AND QATAR WITH ASSOCIATED RESEARCHRelación con medios: Julia Belskaya von Tell, Moscow, Tel.: +7 495 956 9908, Email: julia.belskayavontell@fitchratings.comAdditional information is available on www.fitchratings ..."
    },
    {
      "title": "JAPANESE RACM with associated report to withdraw and re- publish",
      "docType": "PR",
      "racNrac": "R",
      "publishUTCDate": 1547506693299,
      "reportTypeID": null,
      "dbDocID": 10058983,
      "subscriptionProductMappingList": null,
      "criteriaList": {
        "relatedReportIdList": null,
        "additionalDisclosureIdList": null,
        "solicitationDisclosureIdList": null
      },
      "sectorList": [
        {
          "sectorName": "Structured Finance",
          "sectorId": "03",
          "subSectorList": [
            { "subSectorName": "Other CDOs", "subSectorId": "03070800" }
          ]
        },
        { "sectorName": "Sovereigns", "sectorId": "05", "subSectorList": null }
      ],
      "regionNameList": null,
      "fcReportType": "Rating Action Commentary",
      "langID": "8",
      "language": "Japanese",
      "authorList": null,
      "countryTaggingList": [
        { "countryID": 110, "countryName": "Japan", "countryCD": "JPN" }
      ],
      "primaryReportList": [
        {
          "reportTitle": "Associated research report  to Withdraw and re-publish",
          "reportID": 10058984,
          "dtpReportID": 943878,
          "publishedDate": null
        }
      ],
      "marketFocusName": null,
      "abstract": " \n\n\nTHIS IS A TEST, PLEASE IGNORE!Fitch Ratings-New York-14 January 2019: RACM with associated report to withdraw and re- publish\nKey Rating Drivers\nRACM with associated report to withdraw and re- publish\nDerivation Summary\nRACM with associated report to withdraw and re- publish\nKey Assumptions ..."
    },
    {
      "title": "RAC with associated research Issuer and issue rating change",
      "docType": "PR",
      "racNrac": "R",
      "publishUTCDate": 1547497343907,
      "reportTypeID": null,
      "dbDocID": 10058979,
      "subscriptionProductMappingList": null,
      "criteriaList": {
        "relatedReportIdList": [10037181],
        "additionalDisclosureIdList": ["PR_10058979"],
        "solicitationDisclosureIdList": ["PR_10058979"]
      },
      "sectorList": [
        { "sectorName": "Sovereigns", "sectorId": "05", "subSectorList": null }
      ],
      "regionNameList": null,
      "fcReportType": "Rating Action Commentary",
      "langID": "1",
      "language": "English",
      "authorList": null,
      "countryTaggingList": [
        { "countryID": 178, "countryName": "Qatar", "countryCD": "QAT" }
      ],
      "primaryReportList": [
        {
          "reportTitle": "Research with RAC ",
          "reportID": 10058980,
          "dtpReportID": 943877,
          "publishedDate": null
        }
      ],
      "marketFocusName": null,
      "abstract": " \n\n\nTHIS IS A TEST, PLEASE IGNORE!Fitch Ratings-Bangkok/Sydney/Singapore-14 January 2019: RAC with associated research Issuer and issue rating changeMedia Relations: Stefano Bravi, Milan, Tel: +39 02 879087 281, Email: stefano.bravi@fitchratings.comAdditional information is available on www.fitchratings.comApplicable ..."
    },
    {
      "title": "RAC ESG sov",
      "docType": "PR",
      "racNrac": "R",
      "publishUTCDate": 1547062690713,
      "reportTypeID": null,
      "dbDocID": 10058715,
      "subscriptionProductMappingList": null,
      "criteriaList": {
        "relatedReportIdList": [10037181],
        "additionalDisclosureIdList": ["PR_10058715"],
        "solicitationDisclosureIdList": ["PR_10058715"]
      },
      "sectorList": [
        { "sectorName": "Sovereigns", "sectorId": "05", "subSectorList": null }
      ],
      "regionNameList": null,
      "fcReportType": "Rating Action Commentary",
      "langID": "1",
      "language": "English",
      "authorList": null,
      "countryTaggingList": [
        { "countryID": 72, "countryName": "France", "countryCD": "FRA" }
      ],
      "primaryReportList": null,
      "marketFocusName": "ESG",
      "abstract": " \n\n\nTHIS IS A TEST, PLEASE IGNORE!Fitch Ratings-Bangkok/Taipei/Singapore-09 January 2019: RAC ESG sovMedia Relations: Francoise Alos, Paris, Tel: +33 1 44 29 91 22, Email: francoise.alos@fitchratings.comAdditional information is available on www.fitchratings.comApplicable Criteria Sovereign Rating Criteria (pub ..."
    },
    {
      "title": "QA",
      "docType": "PR",
      "racNrac": "R",
      "publishUTCDate": 1546621676747,
      "reportTypeID": null,
      "dbDocID": 10052601,
      "subscriptionProductMappingList": null,
      "criteriaList": {
        "relatedReportIdList": [10037793, 10037181, 10031448],
        "additionalDisclosureIdList": ["PR_10052601"],
        "solicitationDisclosureIdList": ["PR_10052601"]
      },
      "sectorList": [
        { "sectorName": "Sovereigns", "sectorId": "05", "subSectorList": null }
      ],
      "regionNameList": null,
      "fcReportType": "Rating Action Commentary",
      "langID": "1",
      "language": "English",
      "authorList": null,
      "countryTaggingList": [
        { "countryID": 99, "countryName": "Indonesia", "countryCD": "IDN" }
      ],
      "primaryReportList": null,
      "marketFocusName": null,
      "abstract": " \n\n\nTHIS IS A TEST, PLEASE IGNORE!Fitch Ratings-Barcelona/London/Paris/Tunis-04 January 2019: QAMedia Relations: Francoise Alos, Paris, Tel: +33 1 44 29 91 22, Email: francoise.alos@fitchratings.comAdditional information is available on www.fitchratings.comApplicable Criteria Country Ceilings Criteria (pub. 19 Jul ..."
    },
    {
      "title": "RACM ONLY R42.1",
      "docType": "PR",
      "racNrac": "R",
      "publishUTCDate": 1546532859488,
      "reportTypeID": null,
      "dbDocID": 10052202,
      "subscriptionProductMappingList": null,
      "criteriaList": {
        "relatedReportIdList": null,
        "additionalDisclosureIdList": ["PR_10052202"],
        "solicitationDisclosureIdList": ["PR_10052202"]
      },
      "sectorList": [
        { "sectorName": "Sovereigns", "sectorId": "05", "subSectorList": null }
      ],
      "regionNameList": null,
      "fcReportType": "Rating Action Commentary",
      "langID": "1",
      "language": "English",
      "authorList": null,
      "countryTaggingList": [
        { "countryID": 108, "countryName": "Jamaica", "countryCD": "JAM" }
      ],
      "primaryReportList": null,
      "marketFocusName": null,
      "abstract": " \n\n\nTHIS IS A TEST, PLEASE IGNORE!Fitch Ratings-New York-03 January 2019: RACM ONLY R42.1\nKey Rating Drivers\nRACM ONLY R42.1\nDerivation Summary\nRACM ONLY R42.1\nRATING SENSITIVITIES\nRACM ONLY R42.1\nLiquidity and Debt Structure\nRACM ONLY R42.1\nRACM ONLY R42.1\nPublic Ratings with Credit Linkage to ..."
    }
  ],
  "columnHeaders": null
}
