{
  "data": [
    {
      "title": "test",
      "docType": "PR",
      "racNrac": "R",
      "publishUTCDate": 1547069006900,
      "reportTypeID": null,
      "dbDocID": 10058819,
      "subscriptionProductMappingList": null,
      "criteriaList": {
        "relatedReportIdList": null,
        "additionalDisclosureIdList": ["PR_10058819"],
        "solicitationDisclosureIdList": ["PR_10058819"]
      },
      "sectorList": [
        {
          "sectorName": "Fund and Asset Manager Ratings",
          "sectorId": "08",
          "subSectorList": [
            { "subSectorName": "Closed End Funds", "subSectorId": "08010300" }
          ]
        }
      ],
      "regionNameList": null,
      "fcReportType": "Rating Action Commentary",
      "langID": "1",
      "language": "English",
      "authorList": null,
      "countryTaggingList": [
        { "countryID": 223, "countryName": "United States", "countryCD": "USA" }
      ],
      "primaryReportList": null,
      "marketFocusName": null,
      "abstract": " \n\n\nTHIS IS A TEST, PLEASE IGNORE!Fitch Ratings-Chicago-09 January 2019: test\nKEY RATING DRIVERS\ntest\nINVESTMENT MANAGER\ntest\nRATING SENSITIVITIES\ntest\ntest\nPUBLIC RATINGS WITH CREDIT LINKAGE TO OTHER RATINGS\ntest\n\nDelaware Investments National Municipal Income Fund---- 24610T504; Long Term Rating ..."
    },
    {
      "title": "test",
      "docType": "PR",
      "racNrac": "R",
      "publishUTCDate": 1545065610361,
      "reportTypeID": null,
      "dbDocID": 10051801,
      "subscriptionProductMappingList": null,
      "criteriaList": {
        "relatedReportIdList": null,
        "additionalDisclosureIdList": ["PR_10051801"],
        "solicitationDisclosureIdList": ["PR_10051801"]
      },
      "sectorList": [
        {
          "sectorName": "Fund and Asset Manager Ratings",
          "sectorId": "08",
          "subSectorList": [
            {
              "subSectorName": "Fixed Income Funds",
              "subSectorId": "08010400"
            },
            { "subSectorName": "Closed End Funds", "subSectorId": "08010300" }
          ]
        }
      ],
      "regionNameList": null,
      "fcReportType": "Rating Action Commentary",
      "langID": "1",
      "language": "English",
      "authorList": null,
      "countryTaggingList": [
        {
          "countryID": 77,
          "countryName": "United Kingdom",
          "countryCD": "GBR"
        },
        { "countryID": 223, "countryName": "United States", "countryCD": "USA" }
      ],
      "primaryReportList": null,
      "marketFocusName": null,
      "abstract": " \n\n\nTHIS IS A TEST, PLEASE IGNORE!Fitch Ratings-Chicago-17 December 2018: test\nKEY RATING DRIVERS\ntest\nINVESTMENT MANAGER\ntest\nRATING SENSITIVITIES\ntest\nCRITERIA VARIATION\nmvik5\nSUMMARY OF FINANCIAL ADJUSTMENTS\nmvik5\nNEW FINANCIAL INSTRUMENTS\nmvik5\nmvik5\n\nLF Canlife Sterling Liquidity Fund; Fund ..."
    },
    {
      "title": "test",
      "docType": "PR",
      "racNrac": "R",
      "publishUTCDate": 1545063596488,
      "reportTypeID": null,
      "dbDocID": 10051753,
      "subscriptionProductMappingList": null,
      "criteriaList": {
        "relatedReportIdList": null,
        "additionalDisclosureIdList": ["PR_10051753"],
        "solicitationDisclosureIdList": ["PR_10051753"]
      },
      "sectorList": [
        {
          "sectorName": "Fund and Asset Manager Ratings",
          "sectorId": "08",
          "subSectorList": [
            { "subSectorName": "Closed End Funds", "subSectorId": "08010300" }
          ]
        }
      ],
      "regionNameList": null,
      "fcReportType": "Rating Action Commentary",
      "langID": "1",
      "language": "English",
      "authorList": null,
      "countryTaggingList": [
        { "countryID": 223, "countryName": "United States", "countryCD": "USA" }
      ],
      "primaryReportList": null,
      "marketFocusName": null,
      "abstract": " \n\n\nTHIS IS A TEST, PLEASE IGNORE!Fitch Ratings-Chicago-17 December 2018: test\nKEY RATING DRIVERS\ntest\nINVESTMENT MANAGER\ntes\nRATING SENSITIVITIES\ntest\nCRITERIA VARIATION\nmvik2\nSUMMARY OF FINANCIAL ADJUSTMENTS\nmvik2\nNEW FINANCIAL INSTRUMENTS\nmvik2\nmvik2\ntest\nPUBLIC RATINGS WITH CREDIT LINKAGE TO ..."
    },
    {
      "title": "test",
      "docType": "PR",
      "racNrac": "R",
      "publishUTCDate": 1544803372725,
      "reportTypeID": null,
      "dbDocID": 10051728,
      "subscriptionProductMappingList": null,
      "criteriaList": {
        "relatedReportIdList": null,
        "additionalDisclosureIdList": ["PR_10051728"],
        "solicitationDisclosureIdList": ["PR_10051728"]
      },
      "sectorList": [
        {
          "sectorName": "Fund and Asset Manager Ratings",
          "sectorId": "08",
          "subSectorList": [
            {
              "subSectorName": "Fixed Income Funds",
              "subSectorId": "08010400"
            },
            { "subSectorName": "Closed End Funds", "subSectorId": "08010300" }
          ]
        }
      ],
      "regionNameList": null,
      "fcReportType": "Rating Action Commentary",
      "langID": "1",
      "language": "English",
      "authorList": null,
      "countryTaggingList": [
        {
          "countryID": 77,
          "countryName": "United Kingdom",
          "countryCD": "GBR"
        },
        { "countryID": 223, "countryName": "United States", "countryCD": "USA" }
      ],
      "primaryReportList": null,
      "marketFocusName": null,
      "abstract": " \n\n\nTHIS IS A TEST, PLEASE IGNORE!Fitch Ratings-Chicago-14 December 2018: test\nKEY RATING DRIVERS\ntest\nINVESTMENT MANAGER\ntest\nRATING SENSITIVITIES\ntest\nCRITERIA VARIATION\nmvik5\nSUMMARY OF FINANCIAL ADJUSTMENTS\nmvik5\nNEW FINANCIAL INSTRUMENTS\nmvik5\nlimited info mvik5\ntest\nPUBLIC RATINGS WITH CREDIT ..."
    },
    {
      "title": "test",
      "docType": "PR",
      "racNrac": "R",
      "publishUTCDate": 1544630879641,
      "reportTypeID": null,
      "dbDocID": 10051231,
      "subscriptionProductMappingList": null,
      "criteriaList": {
        "relatedReportIdList": null,
        "additionalDisclosureIdList": ["PR_10051231"],
        "solicitationDisclosureIdList": ["PR_10051231"]
      },
      "sectorList": [
        {
          "sectorName": "Fund and Asset Manager Ratings",
          "sectorId": "08",
          "subSectorList": [
            { "subSectorName": "Closed End Funds", "subSectorId": "08010300" },
            { "subSectorName": "Balanced Funds", "subSectorId": "08011100" }
          ]
        }
      ],
      "regionNameList": null,
      "fcReportType": "Rating Action Commentary",
      "langID": "1",
      "language": "English",
      "authorList": null,
      "countryTaggingList": [
        { "countryID": 223, "countryName": "United States", "countryCD": "USA" }
      ],
      "primaryReportList": null,
      "marketFocusName": null,
      "abstract": " \n\n\nTHIS IS A TEST, PLEASE IGNORE!Fitch Ratings-Chicago-12 December 2018: test\nKEY RATING DRIVERS\ntest\nINVESTMENT MANAGER\ntest\nRATING SENSITIVITIES\ntest\nCRITERIA VARIATION\nmvik2\nSUMMARY OF FINANCIAL ADJUSTMENTS\nmvik2\nNEW FINANCIAL INSTRUMENTS\nmvik2\nmvik2\ntest\nPUBLIC RATINGS WITH CREDIT LINKAGE ..."
    },
    {
      "title": "test",
      "docType": "PR",
      "racNrac": "R",
      "publishUTCDate": 1544549928407,
      "reportTypeID": null,
      "dbDocID": 10050920,
      "subscriptionProductMappingList": null,
      "criteriaList": {
        "relatedReportIdList": null,
        "additionalDisclosureIdList": ["PR_10050920"],
        "solicitationDisclosureIdList": ["PR_10050920"]
      },
      "sectorList": [
        {
          "sectorName": "Fund and Asset Manager Ratings",
          "sectorId": "08",
          "subSectorList": [
            { "subSectorName": "Closed End Funds", "subSectorId": "08010300" }
          ]
        }
      ],
      "regionNameList": null,
      "fcReportType": "Rating Action Commentary",
      "langID": "1",
      "language": "English",
      "authorList": null,
      "countryTaggingList": [
        { "countryID": 223, "countryName": "United States", "countryCD": "USA" }
      ],
      "primaryReportList": null,
      "marketFocusName": null,
      "abstract": " \n\n\nTHIS IS A TEST, PLEASE IGNORE!Fitch Ratings-Chicago-11 December 2018: test\nKEY RATING DRIVERS\ntest\nINVESTMENT MANAGER\ntest\nRATING SENSITIVITIES\ntest\nCRITERIA VARIATION\nmvik5\nSUMMARY OF FINANCIAL ADJUSTMENTS\nmvik5\nNEW FINANCIAL INSTRUMENTS\nmvik5\nmvik5\ntest\nPUBLIC RATINGS WITH CREDIT LINKAGE ..."
    },
    {
      "title": "1) Non EU Disclosable 2) EU Disclosable 3) EU Disqualifying 4) Non EU Disqualifying",
      "docType": "PR",
      "racNrac": "R",
      "publishUTCDate": 1544219343402,
      "reportTypeID": null,
      "dbDocID": 10050826,
      "subscriptionProductMappingList": null,
      "criteriaList": {
        "relatedReportIdList": null,
        "additionalDisclosureIdList": ["PR_10050826"],
        "solicitationDisclosureIdList": ["PR_10050826"]
      },
      "sectorList": [
        {
          "sectorName": "Fund and Asset Manager Ratings",
          "sectorId": "08",
          "subSectorList": [
            {
              "subSectorName": "Fixed Income Funds",
              "subSectorId": "08010400"
            },
            { "subSectorName": "Closed End Funds", "subSectorId": "08010300" },
            { "subSectorName": "Money Market Funds", "subSectorId": "08010100" }
          ]
        }
      ],
      "regionNameList": null,
      "fcReportType": "Rating Action Commentary",
      "langID": "1",
      "language": "English",
      "authorList": null,
      "countryTaggingList": [
        {
          "countryID": 77,
          "countryName": "United Kingdom",
          "countryCD": "GBR"
        },
        { "countryID": 223, "countryName": "United States", "countryCD": "USA" }
      ],
      "primaryReportList": null,
      "marketFocusName": null,
      "abstract": " \n\n\nTHIS IS A TEST, PLEASE IGNORE!Fitch Ratings-Chicago-07 December 2018: mv test\nKEY RATING DRIVERS\nmv test\nINVESTMENT MANAGER\nmv test\nRATING SENSITIVITIES\nmv test\nmv test\nPUBLIC RATINGS WITH CREDIT LINKAGE TO OTHER RATINGS\nmv test\n\nAllianzGI Diversified Income  Long Term Rating; Affirmed; AAA ..."
    },
    {
      "title": "CORRECT 1 test",
      "docType": "PR",
      "racNrac": "R",
      "publishUTCDate": 1542379160559,
      "reportTypeID": null,
      "dbDocID": 10050353,
      "subscriptionProductMappingList": null,
      "criteriaList": {
        "relatedReportIdList": null,
        "additionalDisclosureIdList": ["PR_10050353"],
        "solicitationDisclosureIdList": ["PR_10050353"]
      },
      "sectorList": [
        {
          "sectorName": "Fund and Asset Manager Ratings",
          "sectorId": "08",
          "subSectorList": [
            { "subSectorName": "Closed End Funds", "subSectorId": "08010300" },
            { "subSectorName": "Money Market Funds", "subSectorId": "08010100" }
          ]
        }
      ],
      "regionNameList": null,
      "fcReportType": "Rating Action Commentary",
      "langID": "1",
      "language": "English",
      "authorList": null,
      "countryTaggingList": [
        { "countryID": 128, "countryName": "Luxembourg", "countryCD": "LUX" },
        { "countryID": 223, "countryName": "United States", "countryCD": "USA" }
      ],
      "primaryReportList": null,
      "marketFocusName": null,
      "abstract": " \n\n\nTHIS IS A TEST, PLEASE IGNORE!Fitch Ratings-Chicago-16 November 2018: test\nKEY RATING DRIVERS\ntest\nINVESTMENT MANAGER\ntest\nRATING SENSITIVITIES\ntest\nCRITERIA VARIATION\nmvik-7\nSUMMARY OF FINANCIAL ADJUSTMENTS\nmvik-7\nNEW FINANCIAL INSTRUMENTS\nmvik-7\nmvik-7\ntest\nPUBLIC RATINGS WITH CREDIT LINKAGE ..."
    },
    {
      "title": "SAD",
      "docType": "PR",
      "racNrac": "R",
      "publishUTCDate": 1542240918409,
      "reportTypeID": null,
      "dbDocID": 10050286,
      "subscriptionProductMappingList": null,
      "criteriaList": {
        "relatedReportIdList": null,
        "additionalDisclosureIdList": ["PR_10050286"],
        "solicitationDisclosureIdList": ["PR_10050286"]
      },
      "sectorList": [
        {
          "sectorName": "Fund and Asset Manager Ratings",
          "sectorId": "08",
          "subSectorList": [
            { "subSectorName": "Closed End Funds", "subSectorId": "08010300" },
            { "subSectorName": "Money Market Funds", "subSectorId": "08010100" }
          ]
        }
      ],
      "regionNameList": null,
      "fcReportType": "Rating Action Commentary",
      "langID": "1",
      "language": "English",
      "authorList": null,
      "countryTaggingList": [
        {
          "countryID": 223,
          "countryName": "United States",
          "countryCD": "USA"
        },
        { "countryID": 102, "countryName": "Ireland", "countryCD": "IRL" }
      ],
      "primaryReportList": null,
      "marketFocusName": null,
      "abstract": " \n\n\nTHIS IS A TEST, PLEASE IGNORE!Fitch Ratings-New York-14 November 2018: asdf\nKEY RATING DRIVERS\nasdf\nINVESTMENT MANAGER\nasdf\nRATING SENSITIVITIES\nadsf\nasdf\nPUBLIC RATINGS WITH CREDIT LINKAGE TO OTHER RATINGS\nasdf\n\nKayne Anderson Midstream/Energy Fund---- 48661EA#5; Long Term Rating; Affirmed ..."
    },
    {
      "title": "MFS FAM Test",
      "docType": "PR",
      "racNrac": "R",
      "publishUTCDate": 1542172649115,
      "reportTypeID": null,
      "dbDocID": 10050227,
      "subscriptionProductMappingList": null,
      "criteriaList": {
        "relatedReportIdList": null,
        "additionalDisclosureIdList": ["PR_10050227"],
        "solicitationDisclosureIdList": ["PR_10050227"]
      },
      "sectorList": [
        {
          "sectorName": "Fund and Asset Manager Ratings",
          "sectorId": "08",
          "subSectorList": [
            { "subSectorName": "Closed End Funds", "subSectorId": "08010300" }
          ]
        }
      ],
      "regionNameList": null,
      "fcReportType": "Rating Action Commentary",
      "langID": "1",
      "language": "English",
      "authorList": null,
      "countryTaggingList": [
        { "countryID": 223, "countryName": "United States", "countryCD": "USA" }
      ],
      "primaryReportList": null,
      "marketFocusName": null,
      "abstract": " \n\n\nTHIS IS A TEST, PLEASE IGNORE!Fitch Ratings-New York-14 November 2018: asdf\nThe ratings were withdrawn with the following reasonIncorrect or Insufficient Information Provided,Incorrect or Insufficient Information Provided\nKEY RATING DRIVERS\nasdf\nINVESTMENT MANAGER\nasdf\nRATING SENSITIVITIES\nasdf ..."
    },
    {
      "title": "REPAIR 1 CORRECT 1 mvik-headline",
      "docType": "PR",
      "racNrac": "R",
      "publishUTCDate": 1541992256295,
      "reportTypeID": null,
      "dbDocID": 10050120,
      "subscriptionProductMappingList": null,
      "criteriaList": {
        "relatedReportIdList": null,
        "additionalDisclosureIdList": ["PR_10050120"],
        "solicitationDisclosureIdList": ["PR_10050120"]
      },
      "sectorList": [
        {
          "sectorName": "Fund and Asset Manager Ratings",
          "sectorId": "08",
          "subSectorList": [
            { "subSectorName": "Closed End Funds", "subSectorId": "08010300" },
            { "subSectorName": "Money Market Funds", "subSectorId": "08010100" }
          ]
        }
      ],
      "regionNameList": null,
      "fcReportType": "Rating Action Commentary",
      "langID": "1",
      "language": "English",
      "authorList": null,
      "countryTaggingList": [
        {
          "countryID": 223,
          "countryName": "United States",
          "countryCD": "USA"
        },
        { "countryID": 102, "countryName": "Ireland", "countryCD": "IRL" }
      ],
      "primaryReportList": null,
      "marketFocusName": null,
      "abstract": " \n\n\nTHIS IS A TEST, PLEASE IGNORE!Fitch Ratings-Chicago-11 November 2018: mvik-lead paragraph\nKEY RATING DRIVERS\nCORRECT 1 mvik-key rating\nINVESTMENT MANAGER\nmvik-investment manager\nRATING SENSITIVITIES\nmvik-sensitivities\nNEW FINANCIAL INSTRUMENTS\na\nmvik-sources\nPUBLIC RATINGS WITH CREDIT LINKAGE ..."
    }
  ],
  "columnHeaders": null
}
