{"data":{"contentfulMarketSector":{"title":"Central African Republic Internal","ratingsDisplayed":1,"researchDisplayed":1,"videosDisplayed":0,"eventsDisplayed":3,"podcastsDisplayed":1,"banner":{"image":{"file":{"url":"//images.ctfassets.net/03fbs7oah13w/63puEMmiCyXkwhB2D9ad2H/cc69c62b0015b33a754042924e1fbd49/audience-blur-bokeh-976866.jpg"}},"title":"Paradigms Encoding Backing Up Ball Metal Usability","abstract":{"abstract":"Unde ex atque est. Delectus non molestiae rerum quisquam deserunt. Incidunt numquam laudantium ut laborum voluptates quidem maiores voluptate. Aut reprehenderit tempore commodi. Necessitatibus blanditiis impedit non reprehenderit ea."}}}},"pageContext":{"slug":"central-african-republic-internal"}}