{"data":{"contentfulMarketSector":{"slug":"sports","title":"Sports","ratingsDisplayed":3,"researchDisplayed":2,"videosDisplayed":1,"eventsDisplayed":2,"podcastsDisplayed":1,"banner":{"image":{"file":{"url":"//images.ctfassets.net/03fbs7oah13w/63puEMmiCyXkwhB2D9ad2H/cc69c62b0015b33a754042924e1fbd49/audience-blur-bokeh-976866.jpg"}},"title":"Bluetooth Fields Invoice Savings Account Handmade Cotton Computer","abstract":{"abstract":"Sed et adipisci. Vel voluptatum qui ipsum voluptatibus est aut. Et dolorum unde nam reiciendis. Dolore inventore maxime. Vel reprehenderit pariatur ad minus sed."}}}},"pageContext":{"slug":"sports"}}