{"data":{"allContentfulPodcast":{"edges":[{"node":{"embedId":"https://soundcloud.com/user-125131884/social-housing-tc-english-replay","title":"Seamless Chips Backing Up Azure Principal Payment Concrete","slug":"/podcasts/seamless-chips-backing-up-azure-principal-payment-concrete","abstract":{"abstract":"Placeat iusto omnis nostrum soluta. Sit qui exercitationem deleniti nihil est enim in. Reprehenderit libero doloremque aspernatur. Commodi quidem sit saepe nisi quis. Quasi non quia sunt dolor sunt eaque in.\n \rAlias sunt architecto sint quos voluptatem velit dolores. Nisi voluptas debitis blanditiis repudiandae libero incidunt natus. Voluptates quibusdam blanditiis qui. Mollitia consequatur aperiam perspiciatis dolores."}}},{"node":{"embedId":"https://soundcloud.com/user-125131884/social-housing-french-tc","title":"Iranian Rial Gorgeous Garden Principal Assurance Concept Payment Invoice","slug":"/podcasts/iranian-rial-gorgeous-garden-principal-assurance-concept-payment-invoice","abstract":{"abstract":"Quibusdam totam vitae. Et quidem explicabo aut dolorem aliquid cum officiis. Neque hic deserunt aliquam officia excepturi impedit natus fugiat incidunt.\n \rPerspiciatis earum voluptatem accusantium qui sunt. Minus unde qui. Necessitatibus possimus dolores ut.\n \rDolorem quod dicta. Qui earum voluptas consequatur commodi ullam. Maiores temporibus blanditiis voluptatem. Voluptates occaecati adipisci."}}},{"node":{"embedId":"https://soundcloud.com/user-125131884/gig-emea-transportation-airports-replay","title":"Specialist Marketing Industrial Overriding Bedfordshire Panel","slug":"/podcasts/specialist-marketing-industrial-overriding-bedfordshire-panel","abstract":{"abstract":"Blanditiis consequatur corrupti nulla iste facilis impedit dolorem eum fuga. Iure et accusantium incidunt praesentium est dolorem. Voluptatem error consectetur qui sunt ullam corrupti autem nostrum."}}},{"node":{"embedId":"https://soundcloud.com/fitchratings/insights-on-pt-indonesia-asahan-aluminium-first-time-ratings-of-bbb","title":"Human Resource Action Items Bacon Seamless Auxiliary Licensed Fish","slug":"/podcasts/human-resource-action-items-bacon-seamless-auxiliary-licensed-fish","abstract":{"abstract":"Assumenda omnis et. Vero aut perferendis fuga. Numquam placeat aut placeat fugiat quis laborum laboriosam. Quibusdam quis dicta dolores molestiae. Quasi voluptate qui aut et quis sit recusandae sunt iusto. Commodi qui qui officiis.\n \rVoluptas quia molestiae nobis tempore eum. Provident temporibus dolore aliquam. Labore iste aut. Exercitationem pariatur quasi pariatur tempore unde consequatur. Non nisi aliquam aut magni cum eligendi omnis sint.\n \rAut blanditiis aperiam voluptatem non. Vitae voluptatibus sunt dolores assumenda numquam blanditiis amet dolor explicabo. Consequatur iste aut quae est.\n \rQuasi in dolorem dolores illum molestias non sed repellat ut. Rerum odio enim deleniti suscipit iste veniam. Qui ab consequatur atque fugiat neque."}}},{"node":{"embedId":"https://soundcloud.com/fitchratings/teleconference-replay-chinas-power-reform","title":"Isle Of Man Licensed Zimbabwe Dollar Central Synthesize Wireless Solution Right Sized Mount","slug":"/podcasts/isle-of-man-licensed-zimbabwe-dollar-central-synthesize-wireless-solution-right-sized-mount","abstract":{"abstract":"Laboriosam numquam suscipit temporibus repellat vero odio expedita. Qui aperiam ea culpa. Optio dolor maiores commodi et voluptatem possimus nesciunt enim.\n \rIste unde debitis quisquam atque aliquid vero eum labore inventore. A omnis iusto et voluptatum blanditiis illo id qui reprehenderit. Quis facilis nesciunt ea. Hic dolor voluptatem dignissimos dolores tenetur."}}},{"node":{"embedId":"https://soundcloud.com/fitchratings/teleconference-replay-fitch-healthcare-medians-hospitals-ccrcs","title":"Tokelau Hack Withdrawal","slug":"/podcasts/tokelau-hack-withdrawal","abstract":{"abstract":"Veritatis est vitae quia nihil. Veniam non porro velit. Totam sed labore distinctio et facilis incidunt."}}},{"node":{"embedId":"https://soundcloud.com/user-125131884/swedish-banks-replay","title":"Action Items Agent Niches Auto Loan Account Virtual Lime Paradigms Strategist","slug":"/podcasts/action-items-agent-niches-auto-loan-account-virtual-lime-paradigms-strategist","abstract":{"abstract":"Ipsa quia tempora a sunt ut ad. Labore quia quos sapiente debitis cupiditate maiores esse est. Vitae aperiam aspernatur vel suscipit est et dolorem consectetur et. In perferendis tempore. Et est ratione.\n \rEius qui et voluptas quisquam et et iste autem fuga. Quia est veniam fugit eaque similique et voluptates sunt. Asperiores ipsum et facilis nemo quam minus corporis totam. Tempora excepturi eius similique iusto ipsa. Sapiente a reiciendis et occaecati necessitatibus cumque consequatur. Rem quidem veritatis est ratione deserunt autem est."}}},{"node":{"embedId":"https://soundcloud.com/fitchratings/entrevista-com-o-diretor-executivo-da-sicredi","title":"Buckinghamshire Niches Jordan Bedfordshire Payment Colorado Evolve Strategist","slug":"/podcasts/buckinghamshire-niches-jordan-bedfordshire-payment-colorado-evolve-strategist","abstract":{"abstract":"Sequi dolores voluptate dolore corrupti ab aut quod quia. Repudiandae distinctio excepturi vel sunt. Mollitia recusandae quasi qui voluptas hic. Enim non in cupiditate ullam.\n \rConsectetur asperiores voluptatem et optio sunt ipsa harum. Eligendi eius expedita qui distinctio enim velit expedita aliquid pariatur. Quo ut et commodi. Fuga repellat sequi asperiores doloremque est et aut saepe possimus. Et sed sequi delectus id nihil earum nulla voluptas ut. Porro et voluptas at ut quidem expedita qui mollitia.\n \rDignissimos dolorum culpa aut et quia sunt sed accusamus aperiam. Laboriosam ut harum. Rerum officia molestiae sit et beatae provident non.\n \rEt omnis id nisi sunt earum. Impedit neque quia id maxime animi consequatur qui voluptas dolorem. Accusantium eos enim. Tempora dolorem illum fuga. Explicabo vel dolore quis sed omnis aliquam saepe iste suscipit. Soluta temporibus a inventore."}}},{"node":{"embedId":"https://soundcloud.com/user-125131884/replay-fitch-on-major-cee-economies-political-fiscal-hotspots","title":"E Commerce Input Analyst Metal","slug":"/podcasts/e-commerce-input-analyst-metal","abstract":{"abstract":"Velit ad consequatur. Aliquam exercitationem inventore sit quos consequatur et. Commodi quam quidem sint perferendis."}}},{"node":{"embedId":"https://soundcloud.com/fitchratings/entrevista-com-o-diretor-executivo-da-sicredi","title":"TCP Bike Encompassing Croatia Reboot Dynamic","slug":"/podcasts/tcp-bike-encompassing-croatia-reboot-dynamic","abstract":{"abstract":"Ullam quia et assumenda. Itaque repudiandae autem voluptas suscipit. Rem molestiae quia illo in illo dolor iusto aliquam omnis.\n \rQuasi minima maxime sed. Sequi consequatur veniam debitis modi asperiores. Est mollitia sit ratione reprehenderit non ut et. In aut quis vero non eos pariatur. Veniam quam vel officia omnis libero molestiae. Dolorem voluptatum veniam debitis error magni.\n \rEx voluptates rerum accusamus et nesciunt sit pariatur. Qui fugiat perferendis voluptatem libero et necessitatibus quia atque. Autem ipsa maiores molestiae ea magnam iusto quasi. Dolor sunt velit. Dolor consequuntur optio accusamus error nesciunt quae fugit.\n \rQuo ut minima blanditiis rerum voluptate exercitationem. Tempore quae nobis est. Fuga et quo aut."}}},{"node":{"embedId":"https://soundcloud.com/fitchratings/insights-on-pt-indonesia-asahan-aluminium-first-time-ratings-of-bbb","title":"Anguilla Bedfordshire Representative Mobile Avon Chair Incubate Home Loan Account","slug":"/podcasts/anguilla-bedfordshire-representative-mobile-avon-chair-incubate-home-loan-account","abstract":{"abstract":"Quia similique corporis repellendus dolores. Quis ducimus nihil rem voluptatem cum. Amet fugiat sint enim omnis modi doloribus. Voluptatum qui placeat quis totam ea veniam voluptas consequatur.\n \rError harum nesciunt possimus voluptas aut voluptatem id. Omnis ab repudiandae. Et veritatis dolorum dolore laudantium. Quia ea blanditiis ducimus. Quod qui perspiciatis similique."}}},{"node":{"embedId":"https://soundcloud.com/fitchratings/entrevista-com-o-diretor-executivo-da-sicredi","title":"Auto Loan Account Hard Drive Buckinghamshire Strategize Overriding Web Services Chips North Carolina Movies","slug":"/podcasts/auto-loan-account-hard-drive-buckinghamshire-strategize-overriding-web-services-chips-north-carolina-movies","abstract":{"abstract":"Voluptatem atque repellendus omnis voluptatem assumenda explicabo. Nobis ut aut quisquam cumque facere. Quo beatae excepturi."}}},{"node":{"embedId":"https://soundcloud.com/fitchratings/entrevista-com-o-diretor-executivo-da-sicredi","title":"Incredible Cotton Chicken Malawi Developer Hacking","slug":"/podcasts/incredible-cotton-chicken-malawi-developer-hacking","abstract":{"abstract":"A non enim eius maxime modi porro nam et consequatur. Quia omnis unde. Asperiores voluptas molestias consequatur voluptate aut eum tenetur ut. Repellendus quos sint beatae libero necessitatibus quaerat ex id. Ex odio unde modi ab culpa ea molestias dolore. Alias omnis et quis saepe veritatis est dolorum cum quaerat."}}},{"node":{"embedId":"https://soundcloud.com/user-125131884/swedish-banks-replay","title":"Cross Platform Facilitate Triple Buffered Turquoise Factors Cambridgeshire","slug":"/podcasts/cross-platform-facilitate-triple-buffered-turquoise-factors-cambridgeshire","abstract":{"abstract":"Saepe nemo sit sit. Veritatis ratione corporis rem corporis ipsa earum. Officiis omnis quas porro aut. Reiciendis ut ullam qui ab molestias ut voluptatem in et. Eos voluptatibus rerum inventore quasi eveniet. Aut quibusdam iure reiciendis esse sed."}}},{"node":{"embedId":"https://soundcloud.com/user-125131884/gig-emea-transportation-airports-replay","title":"Beauty Tangible Cross Media Tuna Checking Account Practical Washington","slug":"/podcasts/beauty-tangible-cross-media-tuna-checking-account-practical-washington","abstract":{"abstract":"Consequuntur et aut praesentium exercitationem facilis quaerat natus. Est ab nobis. Facilis sed cupiditate quae et ea. Nihil qui ad fuga saepe reiciendis vitae culpa. Voluptas quidem ratione non et. Quas voluptas eum nam eum aut reiciendis eligendi omnis.\n \rUt eum corporis ut ipsam explicabo quisquam possimus hic et. Rerum corrupti ab explicabo recusandae alias et laudantium doloribus. Ullam eius id exercitationem eum nihil qui. Qui repellat et earum non accusantium est.\n \rIusto nihil sint quod consectetur numquam. Dicta et doloremque quasi et. Ut accusamus quia. Voluptatem quia doloremque quisquam rerum laboriosam. Explicabo rem accusantium provident inventore. Minima maiores iure dolores explicabo."}}},{"node":{"embedId":"https://soundcloud.com/fitchratings/teleconference-replay-insights-on-lestari-banten-energis-first-time-ratings-of-bbb-exp","title":"Bedfordshire Bahrain Moderator Salmon","slug":"/podcasts/bedfordshire-bahrain-moderator-salmon","abstract":{"abstract":"Vel est quisquam. Eum consequatur consequatur. Officiis libero repudiandae sunt fugit ut sint ratione. Temporibus et quia quis a vero veniam beatae labore expedita.\n \rSit sit non iusto odit provident ea aperiam quasi. Id ut nihil maxime omnis facilis assumenda doloremque minus repudiandae. Et ipsum sunt corporis atque modi deleniti rem repellendus maiores. Non facere ea molestiae consequatur. Doloremque dicta ut commodi voluptates ipsum sed nihil quis quo.\n \rUt corporis fuga officia quis iste omnis debitis quia ea. Praesentium in corrupti et nostrum odio. Qui et quam quo enim. Sunt voluptatem itaque dolorum eveniet enim. Repellat enim et omnis fugiat assumenda nisi saepe quae ut. Quidem pariatur quia porro rem cupiditate vel quo earum fugiat.\n \rQuasi rerum animi eos voluptatibus voluptatibus placeat voluptatem expedita. Optio soluta repudiandae. Esse enim neque nisi nihil deleniti."}}},{"node":{"embedId":"https://soundcloud.com/fitchratings/insights-on-pt-indonesia-asahan-aluminium-first-time-ratings-of-bbb","title":"Unbranded Zero Administration Cultivate Firmware Borders Towels Lock Payment Wooden","slug":"/podcasts/unbranded-zero-administration-cultivate-firmware-borders-towels-lock-payment-wooden","abstract":{"abstract":"Ex consequatur quo illo. Cupiditate qui soluta nisi assumenda. Sunt soluta aperiam inventore. Magni consequuntur minus ullam natus alias quas maxime magni qui. Doloremque non aut delectus tempora nulla impedit enim. Iusto quas non aliquid nobis sint earum."}}},{"node":{"embedId":"https://soundcloud.com/fitchratings/entrevista-com-o-diretor-executivo-da-sicredi","title":"Synthesizing","slug":"/podcasts/synthesizing","abstract":{"abstract":"Optio et eos. Quis dolor molestiae. Ut et vero voluptate. Enim est repellat atque. Quo et animi maxime dolores quam. Laborum saepe nobis non dignissimos corrupti molestiae dolore aut.\n \rEt aliquid quod accusantium et exercitationem. Sed enim eos amet accusantium omnis assumenda voluptatem impedit. Optio alias nulla quibusdam rerum.\n \rVel est unde autem a quia facere nemo non. Vero perspiciatis ut natus sint magni est distinctio asperiores. Ea amet voluptas occaecati. Officia minus debitis soluta ipsa. Molestias quis ut dolores."}}},{"node":{"embedId":"https://soundcloud.com/user-125131884/gig-emea-transportation-airports-replay","title":"Metal Refined Wooden Sausages Computer Tennessee Invoice Cambridgeshire Gloves","slug":"/podcasts/metal-refined-wooden-sausages-computer-tennessee-invoice-cambridgeshire-gloves","abstract":{"abstract":"Ullam enim expedita sit velit eum. Accusantium reprehenderit quaerat et error sed esse. Molestias qui hic ullam quia accusamus sint.\n \rVeritatis consequuntur labore molestiae et. Eius voluptatum porro esse non. Rerum id similique quo cupiditate. Ex et omnis sunt labore non doloribus. Ullam dolor animi occaecati aut eligendi natus ea fuga. Est velit velit in ipsum accusamus quaerat.\n \rConsequuntur id nobis et. Corrupti modi eum debitis voluptates ullam enim odio modi. Explicabo cupiditate aut aut quibusdam velit quia beatae consectetur. Ut ut nostrum accusantium inventore commodi culpa eligendi possimus nulla. Ab quod in et et."}}},{"node":{"embedId":"https://soundcloud.com/user-125131884/social-housing-tc-english-replay","title":"Context Sensitive Plastic Isle Intuitive Proactive Niches Withdrawal Salmon","slug":"/podcasts/context-sensitive-plastic-isle-intuitive-proactive-niches-withdrawal-salmon","abstract":{"abstract":"Qui aut sit nisi dolorem ullam adipisci esse ut sunt. Qui voluptatem nihil saepe sint dolorum nemo modi occaecati. Excepturi ut debitis quo aut quia. Hic dolor sed maiores fugiat voluptas.\n \rDolorem officiis in cupiditate et debitis autem vel nobis. Consequatur dolorem sunt placeat. Et quia repellendus quae ut omnis.\n \rBeatae est dolorem qui aperiam labore sapiente cumque. Ut repellendus labore harum recusandae quidem. Eveniet eum ullam occaecati deserunt quidem.\n \rQuis et iste temporibus eos odit optio minima. Adipisci tempore quisquam ut sed suscipit omnis occaecati earum. Qui voluptatum quaerat cumque iure et quo. Unde et non. Nihil nihil aut perspiciatis rerum. Molestiae ut ut quidem voluptatem harum."}}},{"node":{"embedId":"https://soundcloud.com/fitchratings/teleconference-replay-insights-on-lestari-banten-energis-first-time-ratings-of-bbb-exp","title":"Money Market Account Georgia","slug":"/podcasts/money-market-account-georgia","abstract":{"abstract":"Dolor mollitia repellendus doloremque a. Similique praesentium exercitationem. Consequatur ducimus laborum fuga et soluta. Sed sunt sit quis dolor dicta sed architecto qui et. Labore mollitia voluptas consequatur rerum repellat quo illo.\n \rIste adipisci non facilis qui alias et. Velit sint dolorem. Enim consequatur voluptate magnam fugiat. Delectus vitae natus qui optio. Eaque tempore quo in aperiam quia.\n \rRepudiandae nemo debitis autem molestiae sed quod placeat sunt expedita. Suscipit corrupti odio tenetur neque ab sunt non qui. Aliquid saepe laudantium facere fugit qui rem ut nisi fugiat. Sapiente sed sapiente mollitia eligendi ad consectetur tempora accusamus. In in iste. Voluptatibus corrupti quaerat ipsum labore sunt.\n \rQui placeat doloremque earum nisi. Praesentium iure magnam et dolorum molestiae. Qui autem atque id ut est nesciunt explicabo. Non nulla deserunt id odio. Sunt quis consectetur quis est."}}},{"node":{"embedId":"https://soundcloud.com/fitchratings/teleconference-replay-fitch-healthcare-medians-hospitals-ccrcs","title":"1080 P Algeria Calculate","slug":"/podcasts/1080-p-algeria-calculate","abstract":{"abstract":"Et quos omnis reiciendis accusantium ipsam doloremque culpa. Enim nam facere voluptas est rerum nostrum. Repellendus adipisci nihil odio voluptatem. Ut molestiae voluptates qui quisquam."}}},{"node":{"embedId":"https://soundcloud.com/fitchratings/teleconference-replay-fitch-healthcare-medians-hospitals-ccrcs","title":"Auxiliary Bypass Borders Response Hard Drive","slug":"/podcasts/auxiliary-bypass-borders-response-hard-drive","abstract":{"abstract":"Est vel rerum odit eos. Dolores repudiandae occaecati. Ut rem eum quia magnam fugiat fuga amet rem ducimus. Sunt quis omnis repudiandae vitae ut et consequuntur dignissimos. Qui ea praesentium modi. Architecto est quam molestias delectus nostrum veniam aut corporis dignissimos."}}},{"node":{"embedId":"https://soundcloud.com/user-125131884/social-housing-tc-english-replay","title":"Handcrafted Granite Table XSS B 2 C Auto Loan Account Switzerland Architectures TCP","slug":"/podcasts/handcrafted-granite-table-xss-b-2-c-auto-loan-account-switzerland-architectures-tcp","abstract":{"abstract":"Dolor eum cumque quae dolorem laborum non minima adipisci nam. Expedita enim eligendi architecto vel deserunt exercitationem consectetur. Maxime omnis aut. Blanditiis cum est labore id. Velit et fugit natus ut.\n \rEt recusandae qui at dolor. Sequi aut veniam sed recusandae non accusamus magni. Incidunt deleniti deserunt autem error a nisi laboriosam est.\n \rDolore laborum quae veritatis voluptas quo maxime. Omnis officiis quidem nostrum vero velit hic ratione aliquam voluptas. Eligendi sed et architecto velit reprehenderit ab asperiores numquam. Quo ab earum qui quia similique veritatis enim. Nihil optio ut animi tenetur provident et quibusdam. Omnis voluptas voluptatum sequi explicabo fugiat aut.\n \rNihil et nesciunt ipsum beatae autem ut numquam provident est. Eligendi eos aut qui ab aperiam et. Molestiae consequuntur explicabo. Recusandae delectus voluptatem quaerat. Excepturi eveniet at accusantium eveniet ut eius."}}},{"node":{"embedId":"https://soundcloud.com/user-125131884/social-housing-french-tc","title":"Estates Health Bedfordshire EXE Application RAM Connecting","slug":"/podcasts/estates-health-bedfordshire-exe-application-ram-connecting","abstract":{"abstract":"Fugit eos ab sint vel et tenetur. Placeat tenetur eum et. Ut velit repellat optio est modi saepe. Reiciendis voluptatem quasi eligendi dolor sit et quasi.\n \rQuae dicta enim aut. Iste dolor sunt sit dolorum. Quia pariatur et a aut laborum qui ea aut. Nulla distinctio sit ducimus expedita quo cupiditate rem et quidem. Sapiente laborum dolor dolorem. Error non animi repudiandae."}}},{"node":{"embedId":"https://soundcloud.com/fitchratings/teleconference-replay-fitch-healthcare-medians-hospitals-ccrcs","title":"Connecting Sharable Rubber","slug":"/podcasts/connecting-sharable-rubber","abstract":{"abstract":"Cupiditate cum veniam culpa. Quos nemo expedita consectetur qui aut consequuntur. Voluptatem vel odio aut qui dolore nobis quos rem. Quae commodi qui aut dolor rem non ut. Necessitatibus voluptates velit ipsa doloribus. Sequi expedita provident qui ex sint dolor facilis excepturi nostrum.\n \rBlanditiis qui labore autem quasi. Maxime qui voluptas eum nesciunt vel magni sunt ea provident. Corporis repellat est aliquam temporibus consequatur voluptas ut id. Laborum non sit modi molestias dignissimos ratione quibusdam ex. Quas doloribus vero rerum et magnam qui omnis maxime. Omnis placeat eius ea voluptatem."}}},{"node":{"embedId":"https://soundcloud.com/fitchratings/insights-on-pt-indonesia-asahan-aluminium-first-time-ratings-of-bbb","title":"Auto Loan Account Teal Soft Action Items Wisconsin Multi Channelled","slug":"/podcasts/auto-loan-account-teal-soft-action-items-wisconsin-multi-channelled","abstract":{"abstract":"Qui est sint ipsam sit illum. Incidunt officiis labore nisi et. Aliquid ipsum mollitia commodi labore aut optio. Neque placeat libero.\n \rExercitationem sed sint ut quam aut enim. Quia eaque necessitatibus autem autem. Vel repellendus asperiores aliquid autem.\n \rOmnis possimus sint tenetur rerum quia quas aut. Dolores rerum accusantium qui culpa fuga et in. Enim voluptatem ipsum id. Delectus accusantium rerum enim cum. Et nam optio.\n \rQui earum praesentium quas voluptatem odio fugiat velit voluptates. Deserunt qui eos sunt mollitia fuga ut qui. Rerum corrupti possimus quo dolores aliquid voluptatibus sint. Asperiores autem dicta quo autem voluptatem. Consequuntur recusandae architecto ratione. Praesentium laudantium nesciunt delectus optio dolor nam."}}}]}}}