{"data":{"allContentfulVideo":{"edges":[{"node":{"embedId":"2745711886001","abstract":{"abstract":"Jeremy Carter, head of the Fitch Wire commentary team, introduces the new Fitch Fundamentals Index (FFI) which tracks changes in credit fundamentals across key sectors of the U.S. economy."},"slug":"/videos/the-fitch-fundamentals-index","title":"The Fitch Fundamentals Index","image":{"file":{"url":"//images.ctfassets.net/03fbs7oah13w/63puEMmiCyXkwhB2D9ad2H/cc69c62b0015b33a754042924e1fbd49/audience-blur-bokeh-976866.jpg"}}}},{"node":{"embedId":"1445318690001","abstract":{"abstract":"Monica Insoll dicusses the results of the European Senior Fixed-Income Investor Survey Q112"},"slug":"/videos/investor-survey-q1-2012","title":"Investor Survey Q1 2012","image":{"file":{"url":"//images.ctfassets.net/03fbs7oah13w/63puEMmiCyXkwhB2D9ad2H/cc69c62b0015b33a754042924e1fbd49/audience-blur-bokeh-976866.jpg"}}}},{"node":{"embedId":"2761395130001","abstract":{"abstract":"Senior Director Rolando Larrondo discusses how the credit trends, consumer habits and new technologies are changing the landscape of the U.S. media and entertainment industry, and how companies are adapting to these changes."},"slug":"/videos/the-credit-encyclo-media-a-comprehensive-analysis-of-the-u.s.-media-entertainment-sector","title":"The Credit Encyclo-media: A Comprehensive Analysis of the U.S. Media & Entertainment Sector","image":{"file":{"url":"//images.ctfassets.net/03fbs7oah13w/63puEMmiCyXkwhB2D9ad2H/cc69c62b0015b33a754042924e1fbd49/audience-blur-bokeh-976866.jpg"}}}},{"node":{"embedId":"4032246186001","abstract":{"abstract":"Senior Director Paul Rawkins reviews thinking around potential capital flight and the possibility of capital controls."},"slug":"/videos/fitch-on-russia-capital-flight-in-2015-and-capital-controls","title":"Fitch on Russia: Capital flight in 2015 and capital controls","image":{"file":{"url":"//images.ctfassets.net/03fbs7oah13w/63puEMmiCyXkwhB2D9ad2H/cc69c62b0015b33a754042924e1fbd49/audience-blur-bokeh-976866.jpg"}}}},{"node":{"embedId":"5116821070001","abstract":{"abstract":"Siew Wai Wan, Senior Director in Fitch’s insurance group discusses changes within the reinsurance market and the impact on APAC reinsurers."},"slug":"/videos/key-trends-in-apac-reinsurance","title":"Key Trends in APAC Reinsurance","image":{"file":{"url":"//images.ctfassets.net/03fbs7oah13w/63puEMmiCyXkwhB2D9ad2H/cc69c62b0015b33a754042924e1fbd49/audience-blur-bokeh-976866.jpg"}}}},{"node":{"embedId":"4004978122001","abstract":{"abstract":"Dan Robertson, Head of the Global Infrastructure and Project Finance Group for EMEA and Asia Pacific, discusses the challenges facing the infrastructure sector and the European Commission's plans to stimulate further investment."},"slug":"/videos/event-snapshots-infrastructure--too-much-money-too-few-assets","title":"Event Snapshots: Infrastructure : Too much money, too few assets","image":{"file":{"url":"//images.ctfassets.net/03fbs7oah13w/63puEMmiCyXkwhB2D9ad2H/cc69c62b0015b33a754042924e1fbd49/audience-blur-bokeh-976866.jpg"}}}},{"node":{"embedId":"2768864344001","abstract":{"abstract":"Jeremy Carter, head of the Fitch Wire commentary team, focuses on banks issuance of junior debt, the EU bank stress tests and US banks third quarter results."},"slug":"/videos/the-weekly-wire---banks","title":"The Weekly Wire - Banks","image":{"file":{"url":"//images.ctfassets.net/03fbs7oah13w/63puEMmiCyXkwhB2D9ad2H/cc69c62b0015b33a754042924e1fbd49/audience-blur-bokeh-976866.jpg"}}}},{"node":{"embedId":"3952756109001","abstract":{"abstract":"Managing Director Cherian George discusses the 2015 Outlook for  U.S. Transportation."},"slug":"/videos/outlook-2015-u.s.-transportation","title":"Outlook 2015: U.S. Transportation","image":{"file":{"url":"//images.ctfassets.net/03fbs7oah13w/63puEMmiCyXkwhB2D9ad2H/cc69c62b0015b33a754042924e1fbd49/audience-blur-bokeh-976866.jpg"}}}},{"node":{"embedId":"2653956697001","abstract":{"abstract":"Jeremy Carter, head of the Fitch Wire commentary team, focuses on French pension reform, Malaysia fiscal policy shift and floating-rate notes."},"slug":"/videos/the-weekly-wire---french-pension-malaysia-fiscal-policy-shift-and-floating-rate-notes","title":"The Weekly Wire - French Pension, Malaysia Fiscal Policy Shift and Floating-Rate Notes","image":{"file":{"url":"//images.ctfassets.net/03fbs7oah13w/63puEMmiCyXkwhB2D9ad2H/cc69c62b0015b33a754042924e1fbd49/audience-blur-bokeh-976866.jpg"}}}},{"node":{"embedId":"3418161950001","abstract":{"abstract":"Andrew Currie, Managing Director - Structured Finance Surveillance gives us a tour of the newly launched RMBS Compare and explains how to use the Compare tools."},"slug":"/videos/structured-finance-compare-tools","title":"Structured Finance Compare Tools","image":{"file":{"url":"//images.ctfassets.net/03fbs7oah13w/63puEMmiCyXkwhB2D9ad2H/cc69c62b0015b33a754042924e1fbd49/audience-blur-bokeh-976866.jpg"}}}},{"node":{"embedId":"5086868883001","abstract":{"abstract":"Managing Director Carlos Fiorillo nos dá un resumen de las operaciones de Fitch Ratings en la parte Norte de America Latina. ~ Managing Director Carlos Fiorillo gives an overview of Fitch Ratings’ operations in the Northern Hub of Latin America. "},"slug":"/videos/fitch-in-northern-hub-of-latin-america","title":"Fitch in Northern Hub of Latin America","image":{"file":{"url":"//images.ctfassets.net/03fbs7oah13w/63puEMmiCyXkwhB2D9ad2H/cc69c62b0015b33a754042924e1fbd49/audience-blur-bokeh-976866.jpg"}}}},{"node":{"embedId":"5072854602001","abstract":{"abstract":"Exposure to the retail sector poses idiosyncratic risk to U.S. CLO performance rather than widespread challenges, according to the latest video in Fitch Ratings’ Virtual Investor Series."},"slug":"/videos/crosscurrents-retail-and-clos---a-virtual-investor-meeting","title":"Crosscurrents: Retail and CLOs - A Virtual Investor Meeting","image":{"file":{"url":"//images.ctfassets.net/03fbs7oah13w/63puEMmiCyXkwhB2D9ad2H/cc69c62b0015b33a754042924e1fbd49/audience-blur-bokeh-976866.jpg"}}}},{"node":{"embedId":"4283320381001","abstract":{"abstract":"In May 2015, the agency hosted its “Fitch on China” event in New York, followed by an investor tour throughout the US.  In this video, Managing Director Andrew Steel gives a Corporates Overview for China."},"slug":"/videos/fitch-on-china-corporates-overview","title":"Fitch on China: Corporates Overview","image":{"file":{"url":"//images.ctfassets.net/03fbs7oah13w/63puEMmiCyXkwhB2D9ad2H/cc69c62b0015b33a754042924e1fbd49/audience-blur-bokeh-976866.jpg"}}}},{"node":{"embedId":"5799679737001","abstract":{"abstract":"李信佳 (亚太区非银行金融机构评级主管)于惠誉2018中国信用市场论坛的主题演讲–非银行金融机构视角：中国影子银行活动。"},"slug":"/videos/chinas-shadow-banking-activities-a-non-bank-financial-institutions-perspective-","title":"China’s Shadow Banking Activities: a Non-Bank Financial Institutions Perspective 非银行金融机构视角：中国影子银行活动","image":{"file":{"url":"//images.ctfassets.net/03fbs7oah13w/63puEMmiCyXkwhB2D9ad2H/cc69c62b0015b33a754042924e1fbd49/audience-blur-bokeh-976866.jpg"}}}},{"node":{"embedId":"5305642430001","abstract":{"abstract":"As e-commerce continues to grow, diminishing mall-based shopping, Senior Director David Silverman explains how some of the most challenged retailers got where they are today.\n "},"slug":"/videos/2017-high-yield-retail-checkout","title":"2017 High-Yield Retail Checkout","image":{"file":{"url":"//images.ctfassets.net/03fbs7oah13w/63puEMmiCyXkwhB2D9ad2H/cc69c62b0015b33a754042924e1fbd49/audience-blur-bokeh-976866.jpg"}}}},{"node":{"embedId":"4568222674001","abstract":{"abstract":"Claudio Gallina discusses the intensified challenges facing Brazilian banks from the Lava Jato investigations; Fitch's asset quality projections for this year and the ability of the banks to absorb losses."},"slug":"/videos/headwinds-for-brazilian-banks","title":"Headwinds for Brazilian Banks","image":{"file":{"url":"//images.ctfassets.net/03fbs7oah13w/63puEMmiCyXkwhB2D9ad2H/cc69c62b0015b33a754042924e1fbd49/audience-blur-bokeh-976866.jpg"}}}},{"node":{"embedId":"3852856797001","abstract":{"abstract":"Erich Arispe, director of Latin American sovereigns, explains whether big-ticket reforms, like those implemented in Mexico, will work for other countries in the region."},"slug":"/videos/will-mexican-style-reforms-work-for-other-latam-countries","title":"Will Mexican-style reforms work for other Latam countries?","image":{"file":{"url":"//images.ctfassets.net/03fbs7oah13w/63puEMmiCyXkwhB2D9ad2H/cc69c62b0015b33a754042924e1fbd49/audience-blur-bokeh-976866.jpg"}}}},{"node":{"embedId":"4652236071001","abstract":{"abstract":"With auto ABS underwriting continuing to loosen, Hylton Heard says that a lingering question heading into 2016 is whether higher rates will entice lenders to move further down the scale."},"slug":"/videos/2016-outlook-for-u.s.-auto-abs","title":"2016 Outlook for U.S. Auto ABS","image":{"file":{"url":"//images.ctfassets.net/03fbs7oah13w/63puEMmiCyXkwhB2D9ad2H/cc69c62b0015b33a754042924e1fbd49/audience-blur-bokeh-976866.jpg"}}}},{"node":{"embedId":"5141155770001","abstract":{"abstract":"Paul Gamble, Head of Emerging Europe Sovereigns discusses how resilient Turkey is to political risk."},"slug":"/videos/global-sovereign-conference---how-resilient-is-turkey-to-political-risk","title":"Global Sovereign Conference - How resilient is Turkey to political risk?","image":{"file":{"url":"//images.ctfassets.net/03fbs7oah13w/63puEMmiCyXkwhB2D9ad2H/cc69c62b0015b33a754042924e1fbd49/audience-blur-bokeh-976866.jpg"}}}},{"node":{"embedId":"5796717849001","abstract":{"abstract":"In a discussion lead by Joo-Yung Lee, Head of N. America Banks, Christopher Wolfe, Managing Director, covers the benefits of routine stress testing, how regulations support bank fundamentals & the effect of the Dodd-Frank rollback on small banks."},"slug":"/videos/2018-global-banking-conference-ny---regulation-will-the-reins-be-loosened","title":"2018 Global Banking Conference NY - Regulation: Will the Reins Be Loosened?","image":{"file":{"url":"//images.ctfassets.net/03fbs7oah13w/63puEMmiCyXkwhB2D9ad2H/cc69c62b0015b33a754042924e1fbd49/audience-blur-bokeh-976866.jpg"}}}},{"node":{"embedId":"3848939609001","abstract":{"abstract":"Monica Insoll, Managing Director in our Credit Market Research group, and colleagues from our Structured Finance team, Andrew Currie and Stuart Jennings, discuss the latest European Investor Survey."},"slug":"/videos/structured-finance---rising-from-the-ashes-on-ecb-plan","title":"Structured Finance - Rising from the Ashes on ECB Plan","image":{"file":{"url":"//images.ctfassets.net/03fbs7oah13w/63puEMmiCyXkwhB2D9ad2H/cc69c62b0015b33a754042924e1fbd49/audience-blur-bokeh-976866.jpg"}}}},{"node":{"embedId":"3037429708001","abstract":{"abstract":"Franklin Santarelli, Managing Director for Latin American Financial Institutions, discusses the 2014 Outlook for Latin American Insurance, M&A activity and the effect of reform in Mexico."},"slug":"/videos/2014-outlook-for-latin-american-insurance","title":"2014 Outlook for Latin American Insurance","image":{"file":{"url":"//images.ctfassets.net/03fbs7oah13w/63puEMmiCyXkwhB2D9ad2H/cc69c62b0015b33a754042924e1fbd49/audience-blur-bokeh-976866.jpg"}}}},{"node":{"embedId":"5627232522001","abstract":{"abstract":"James McCormack, Global Head of Sovereign Ratings at Fitch Ratings, discusses the outlook for Saudi Arabia’s sovereign rating."},"slug":"/videos/fitch-ratings-saudi-arabia-office-opening-event--credit-outlook-panel-outlook-for-saudi-arabia-s-sovereign-rating","title":"Fitch Ratings Saudi Arabia Office Opening Event – Credit Outlook Panel: Outlook for Saudi Arabia's Sovereign Rating ","image":{"file":{"url":"//images.ctfassets.net/03fbs7oah13w/63puEMmiCyXkwhB2D9ad2H/cc69c62b0015b33a754042924e1fbd49/audience-blur-bokeh-976866.jpg"}}}},{"node":{"embedId":"4746566907001","abstract":{"abstract":"Cinthya Ortega, Director of Latin America Corporates, discusses Fitch’s outlook for the Offshore Rig Industry and QGOG Constellation S.A.'s credit quality during 2016-2017. "},"slug":"/videos/qgog-constellation-surfing-turbulent-waves","title":"QGOG Constellation: Surfing Turbulent Waves","image":{"file":{"url":"//images.ctfassets.net/03fbs7oah13w/63puEMmiCyXkwhB2D9ad2H/cc69c62b0015b33a754042924e1fbd49/audience-blur-bokeh-976866.jpg"}}}},{"node":{"embedId":"5802688198001","abstract":{"abstract":"The US commercial real estate cycle is nearing the end of its customary 10-year cycle, though Huxley Somerville says certain developments are making it resemble a cycle more at its midway point.\n\n"},"slug":"/videos/2018-virtual-investor-series---cmbs--north-america","title":"2018 Virtual Investor Series - CMBS- North America","image":{"file":{"url":"//images.ctfassets.net/03fbs7oah13w/63puEMmiCyXkwhB2D9ad2H/cc69c62b0015b33a754042924e1fbd49/audience-blur-bokeh-976866.jpg"}}}},{"node":{"embedId":"2559996966001","abstract":{"abstract":"Monica Insoll, Managing Director in Fitch's Credit Market Research team, discusses European corporate funding and the movement from loans to bonds"},"slug":"/videos/european-corporate-funding-disintermediation","title":"European Corporate Funding Disintermediation","image":{"file":{"url":"//images.ctfassets.net/03fbs7oah13w/63puEMmiCyXkwhB2D9ad2H/cc69c62b0015b33a754042924e1fbd49/audience-blur-bokeh-976866.jpg"}}}},{"node":{"embedId":"4032291598001","abstract":{"abstract":"Senior Director Paul Rawkins offers an assessment of the Russia external debt stock."},"slug":"/videos/fitch-on-russia-external-debt-stock","title":"Fitch on Russia: External debt stock","image":{"file":{"url":"//images.ctfassets.net/03fbs7oah13w/63puEMmiCyXkwhB2D9ad2H/cc69c62b0015b33a754042924e1fbd49/audience-blur-bokeh-976866.jpg"}}}},{"node":{"embedId":"4620259421001","abstract":{"abstract":"Managing Director James Watson provides an overview of financial institutions in Russia and Turkey during a panel discussion hosted by Fitch Ratings in October 2015."},"slug":"/videos/emerging-market-banks-event-2015---russia-and-turkey-overview","title":"Emerging Market Banks Event 2015 - Russia and Turkey Overview","image":{"file":{"url":"//images.ctfassets.net/03fbs7oah13w/63puEMmiCyXkwhB2D9ad2H/cc69c62b0015b33a754042924e1fbd49/audience-blur-bokeh-976866.jpg"}}}},{"node":{"embedId":"4287846436001","abstract":{"abstract":"Marjan van der Weijden, Head of Fitch’s European Structured Finance Team, discusses the key contributions from Fitch at the Global ABS conference that was held in Barcelona in June."},"slug":"/videos/fitch-at-global-abs-2015","title":"Fitch at Global ABS 2015","image":{"file":{"url":"//images.ctfassets.net/03fbs7oah13w/63puEMmiCyXkwhB2D9ad2H/cc69c62b0015b33a754042924e1fbd49/audience-blur-bokeh-976866.jpg"}}}}]}}}