{"data":{"allContentfulEvent":{"edges":[{"node":{"title":"Representative E Services Refined Cotton Salad","startDate":"2018-12-22T14:28:34.439Z","endDate":"2018-12-31T03:54:32.103Z","address":"04155 Shields Walks Suite 425","region":"","country":"","eventType":"Webcast","slug":"/events/representative-e-services-refined-cotton-salad-indexing","locationName":"Awesome Frozen Ball bleeding-edge","locationCoordinates":{"lat":-33.0247,"lon":-130.1028},"image":{"title":"Hands in the air, blur photo","file":{"url":"//images.ctfassets.net/03fbs7oah13w/63puEMmiCyXkwhB2D9ad2H/cc69c62b0015b33a754042924e1fbd49/audience-blur-bokeh-976866.jpg"}}}},{"node":{"title":"Auto Loan Account Content Lodge Plastic Frozen","startDate":"2018-12-28T18:06:26.839Z","endDate":"2019-01-03T13:45:53.530Z","address":"767 Mayert Well Suite 173","region":"","country":"","eventType":"Fitch Solutions Hosted","slug":"/events/auto-loan-account-content-lodge-plastic-frozen-bedfordshire-data-illinois","locationName":"parse Designer iterate Executive","locationCoordinates":{"lat":-29.3088,"lon":151.5229},"image":{"title":"Hands in the air, blur photo","file":{"url":"//images.ctfassets.net/03fbs7oah13w/63puEMmiCyXkwhB2D9ad2H/cc69c62b0015b33a754042924e1fbd49/audience-blur-bokeh-976866.jpg"}}}},{"node":{"title":"Granite Hat Borders Open Source Generic","startDate":"2019-01-02T07:57:00.775Z","endDate":"2019-01-04T14:50:08.223Z","address":"54982 Calista Bridge Suite 230","region":"","country":"","eventType":"Webcast","slug":"/events/granite-hat-borders-open-source-generic-steel-chicken-rustic-concrete-bacon","locationName":"grid-enabled copying ADP Clothing","locationCoordinates":{"lat":6.7003,"lon":-2.7328},"image":{"title":"Hands in the air, blur photo","file":{"url":"//images.ctfassets.net/03fbs7oah13w/63puEMmiCyXkwhB2D9ad2H/cc69c62b0015b33a754042924e1fbd49/audience-blur-bokeh-976866.jpg"}}}},{"node":{"title":"Solid State Invoice Encryption Envisioneer Transform Standardization","startDate":"2019-01-03T19:06:22.991Z","endDate":"2018-12-31T00:15:47.944Z","address":"501 Hermiston Fork Apt. 464","region":"","country":"","eventType":"Webcast","slug":"/events/solid-state-invoice-encryption-envisioneer-transform-standardization","locationName":"HDD compelling productivity Circle US Dollar application","locationCoordinates":{"lat":-61.7249,"lon":-142.4819},"image":{"title":"Hands in the air, blur photo","file":{"url":"//images.ctfassets.net/03fbs7oah13w/63puEMmiCyXkwhB2D9ad2H/cc69c62b0015b33a754042924e1fbd49/audience-blur-bokeh-976866.jpg"}}}},{"node":{"title":"Delaware Thx Program Hat Dynamic Planner","startDate":"2018-12-24T16:55:54.004Z","endDate":"2018-12-20T00:56:37.866Z","address":"14459 Rex Burg Suite 310","region":"","country":"","eventType":"Fitch Ratings Sponsored","slug":"/events/delaware-thx-program-hat-dynamic-planner","locationName":"Fantastic input Dynamic Checking Account Chicken","locationCoordinates":{"lat":-71.2953,"lon":-158.7607},"image":{"title":"Hands in the air, blur photo","file":{"url":"//images.ctfassets.net/03fbs7oah13w/63puEMmiCyXkwhB2D9ad2H/cc69c62b0015b33a754042924e1fbd49/audience-blur-bokeh-976866.jpg"}}}},{"node":{"title":"Platforms Via Personal Loan Account National Tcp Digital Bedfordshire Texas","startDate":"2019-01-04T05:26:22.549Z","endDate":"2018-12-20T01:59:34.714Z","address":"26630 Weimann Plains Suite 846","region":"","country":"","eventType":"Teleconference","slug":"/events/platforms-via-personal-loan-account-national-tcp-digital-bedfordshire-texas","locationName":"wireless Forint Guinea Franc SMTP payment success Rubber Metal Factors","locationCoordinates":{"lat":2.248,"lon":-85.8179},"image":{"title":"Hands in the air, blur photo","file":{"url":"//images.ctfassets.net/03fbs7oah13w/63puEMmiCyXkwhB2D9ad2H/cc69c62b0015b33a754042924e1fbd49/audience-blur-bokeh-976866.jpg"}}}},{"node":{"title":"Refined Rubber Pants Personal Loan Account Deposit Soap Model Bahamian Dollar Invoice Transmitter Plastic","startDate":"2018-12-29T13:28:57.940Z","endDate":"2018-12-24T14:20:21.970Z","address":"78813 Dino Fork Suite 349","region":"","country":"","eventType":"Fitch Ratings Sponsored","slug":"/events/refined-rubber-pants-personal-loan-account-deposit-soap-model-bahamian-dollar-invoice-transmitter-plastic","locationName":"Operations Rustic HTTP Borders infomediaries human-resource Operations","locationCoordinates":{"lat":-88.8927,"lon":37.2284},"image":{"title":"Hands in the air, blur photo","file":{"url":"//images.ctfassets.net/03fbs7oah13w/63puEMmiCyXkwhB2D9ad2H/cc69c62b0015b33a754042924e1fbd49/audience-blur-bokeh-976866.jpg"}}}},{"node":{"title":"Deposit Robust Mouse Optical Mississippi Scalable Intranet Panel Intelligent Rubber Ball","startDate":"2019-01-03T09:53:34.010Z","endDate":"2018-12-20T22:34:22.176Z","address":"25065 Zulauf Trace Suite 052","region":"","country":"","eventType":"Fitch Solutions Hosted","slug":"/events/deposit-robust-mouse-optical-mississippi-scalable-intranet-panel-intelligent-rubber-ball","locationName":"Specialist Total hack plug-and-play e-business Bedfordshire Mouse Advanced Table Fresh","locationCoordinates":{"lat":81.1512,"lon":-128.7343},"image":{"title":"Hands in the air, blur photo","file":{"url":"//images.ctfassets.net/03fbs7oah13w/63puEMmiCyXkwhB2D9ad2H/cc69c62b0015b33a754042924e1fbd49/audience-blur-bokeh-976866.jpg"}}}},{"node":{"title":"Lavender Concrete Cyprus Facilitate Orange Matrix Override","startDate":"2018-12-19T23:47:27.380Z","endDate":"2018-12-27T13:49:51.001Z","address":"3871 Crist Place Apt. 554","region":"","country":"","eventType":"Fitch Ratings Hosted","slug":"/events/lavender-concrete-cyprus-facilitate-orange-matrix-override","locationName":"Intelligent parallelism","locationCoordinates":{"lat":-81.6908,"lon":-172.7884},"image":{"title":"Hands in the air, blur photo","file":{"url":"//images.ctfassets.net/03fbs7oah13w/63puEMmiCyXkwhB2D9ad2H/cc69c62b0015b33a754042924e1fbd49/audience-blur-bokeh-976866.jpg"}}}},{"node":{"title":"Open System Customized Scale Compress Checking Account Montana Wooden","startDate":"2018-12-22T09:22:42.623Z","endDate":"2019-01-14T19:32:52.627Z","address":"908 Everett Mountain Apt. 945","region":"","country":"","eventType":"Fitch Ratings Sponsored","slug":"/events/open-system-customized-scale-compress-checking-account-montana-wooden","locationName":"Music fuchsia Course discrete Producer Tennessee Brook web-enabled","locationCoordinates":{"lat":-46.8916,"lon":-168.0521},"image":{"title":"Hands in the air, blur photo","file":{"url":"//images.ctfassets.net/03fbs7oah13w/63puEMmiCyXkwhB2D9ad2H/cc69c62b0015b33a754042924e1fbd49/audience-blur-bokeh-976866.jpg"}}}},{"node":{"title":"Future","startDate":"2019-01-04T05:18:59.044Z","endDate":"2019-01-05T10:54:16.895Z","address":"45300 Daphney Cliffs Suite 070","region":"","country":"","eventType":"Webcast","slug":"/events/future","locationName":"Dynamic projection Quality-focused Investment Account card American Samoa","locationCoordinates":{"lat":-66.865,"lon":43.2333},"image":{"title":"Hands in the air, blur photo","file":{"url":"//images.ctfassets.net/03fbs7oah13w/63puEMmiCyXkwhB2D9ad2H/cc69c62b0015b33a754042924e1fbd49/audience-blur-bokeh-976866.jpg"}}}},{"node":{"title":"Plum Payment Deposit Rss Com Grocery Dedicated Tcp Money Market Account","startDate":"2019-01-13T18:44:15.653Z","endDate":"2019-01-14T03:38:01.146Z","address":"7158 Agnes Wall Suite 689","region":"","country":"","eventType":"Webcast","slug":"/events/plum-payment-deposit-rss-com-grocery-dedicated-tcp-money-market-account","locationName":"paradigms digital New Mexico Quality quantify Won content eyeballs upward-trending Vista","locationCoordinates":{"lat":5.0775,"lon":-92.2195},"image":{"title":"Hands in the air, blur photo","file":{"url":"//images.ctfassets.net/03fbs7oah13w/63puEMmiCyXkwhB2D9ad2H/cc69c62b0015b33a754042924e1fbd49/audience-blur-bokeh-976866.jpg"}}}},{"node":{"title":"Advanced Bricks-and-clicks Bacon Platforms Dynamic Xss Ports","startDate":"2018-12-18T06:10:09.452Z","endDate":"2018-12-25T05:41:37.766Z","address":"474 Marlen Loaf Apt. 349","region":"","country":"","eventType":"Fitch Solutions Hosted","slug":"/events/advanced-bricks-and-clicks-bacon-platforms-dynamic-xss-ports","locationName":"users card Fantastic Soft Pants deposit Cotton French Guiana functionalities Timor-Leste composite Forward","locationCoordinates":{"lat":-62.3359,"lon":158.5375},"image":{"title":"Hands in the air, blur photo","file":{"url":"//images.ctfassets.net/03fbs7oah13w/63puEMmiCyXkwhB2D9ad2H/cc69c62b0015b33a754042924e1fbd49/audience-blur-bokeh-976866.jpg"}}}},{"node":{"title":"Frozen Uganda Shilling Ram Back-end Hollow Jbod Streamline Divide Withdrawal","startDate":"2019-01-10T03:46:24.702Z","endDate":"2019-01-01T01:21:15.288Z","address":"411 Bennie Mills Suite 730","region":"","country":"","eventType":"Teleconference","slug":"/events/frozen-uganda-shilling-ram-back-end-hollow-jbod-streamline-divide-withdrawal","locationName":"Liberia","locationCoordinates":{"lat":-89.9663,"lon":-60.5212},"image":{"title":"Hands in the air, blur photo","file":{"url":"//images.ctfassets.net/03fbs7oah13w/63puEMmiCyXkwhB2D9ad2H/cc69c62b0015b33a754042924e1fbd49/audience-blur-bokeh-976866.jpg"}}}},{"node":{"title":"Bike Mount Reduced Clothing Developer","startDate":"2019-01-02T12:50:04.187Z","endDate":"2018-12-28T23:53:21.809Z","address":"92982 Destin Falls Apt. 419","region":"","country":"","eventType":"Webcast","slug":"/events/bike-mount-reduced-clothing-developer","locationName":"Ukraine encompassing feed Web indexing","locationCoordinates":{"lat":-37.2588,"lon":-32.3745},"image":{"title":"Hands in the air, blur photo","file":{"url":"//images.ctfassets.net/03fbs7oah13w/63puEMmiCyXkwhB2D9ad2H/cc69c62b0015b33a754042924e1fbd49/audience-blur-bokeh-976866.jpg"}}}},{"node":{"title":"Brand Implement Unbranded International Awesome Handmade","startDate":"2019-01-01T14:51:30.068Z","endDate":"2018-12-23T12:27:14.192Z","address":"869 Bertha Vista Apt. 594","region":"","country":"","eventType":"Fitch Ratings Hosted","slug":"/events/brand-implement-unbranded-international-awesome-handmade","locationName":"Agent","locationCoordinates":{"lat":-5.2114,"lon":119.9464},"image":{"title":"Hands in the air, blur photo","file":{"url":"//images.ctfassets.net/03fbs7oah13w/63puEMmiCyXkwhB2D9ad2H/cc69c62b0015b33a754042924e1fbd49/audience-blur-bokeh-976866.jpg"}}}},{"node":{"title":"Principal Director Keys Client-server Awesome Metal Fish Refined Steel Table","startDate":"2019-01-06T08:33:56.896Z","endDate":"2019-01-04T10:11:47.420Z","address":"3231 Emely Parkways Apt. 653","region":"","country":"","eventType":"Fitch Solutions Hosted","slug":"/events/principal-director-keys-client-server-awesome-metal-fish-refined-steel-table","locationName":"virtual integrate clear-thinking Solutions withdrawal withdrawal Checking Account value-added deposit","locationCoordinates":{"lat":-48.7507,"lon":85.2606},"image":{"title":"Hands in the air, blur photo","file":{"url":"//images.ctfassets.net/03fbs7oah13w/63puEMmiCyXkwhB2D9ad2H/cc69c62b0015b33a754042924e1fbd49/audience-blur-bokeh-976866.jpg"}}}},{"node":{"title":"Invoice E-enable Industrial Connect Persistent Salad","startDate":"2018-12-18T05:54:28.921Z","endDate":"2019-01-11T06:45:09.389Z","address":"84864 Leffler Mission Suite 406","region":"","country":"","eventType":"Fitch Solutions Hosted","slug":"/events/invoice-e-enable-industrial-connect-persistent-salad","locationName":"reboot black Steel Handmade Rubber Pizza neural Concrete","locationCoordinates":{"lat":-27.9681,"lon":33.6347},"image":{"title":"Hands in the air, blur photo","file":{"url":"//images.ctfassets.net/03fbs7oah13w/63puEMmiCyXkwhB2D9ad2H/cc69c62b0015b33a754042924e1fbd49/audience-blur-bokeh-976866.jpg"}}}},{"node":{"title":"Backing Up Overriding Alabama","startDate":"2018-12-16T11:02:19.187Z","endDate":"2018-12-28T09:15:37.304Z","address":"22393 Simone Row Suite 590","region":"","country":"","eventType":"Fitch Ratings Hosted","slug":"/events/backing-up-overriding-alabama","locationName":"Incredible synergize payment leading-edge Borders Gorgeous Granite Cheese Analyst","locationCoordinates":{"lat":88.5427,"lon":83.8706},"image":{"title":"Hands in the air, blur photo","file":{"url":"//images.ctfassets.net/03fbs7oah13w/63puEMmiCyXkwhB2D9ad2H/cc69c62b0015b33a754042924e1fbd49/audience-blur-bokeh-976866.jpg"}}}},{"node":{"title":"Rss Lead Embrace Saint Helena Pound New Hampshire Creative Wells","startDate":"2019-01-05T12:46:07.121Z","endDate":"2018-12-17T13:48:12.291Z","address":"101 Deondre Keys Apt. 971","region":"","country":"","eventType":"Fitch Ratings Hosted","slug":"/events/rss-lead-embrace-saint-helena-pound-new-hampshire-creative-wells","locationName":"Bermuda Administrator connecting action-items Arizona bandwidth hard drive Kansas","locationCoordinates":{"lat":-84.3366,"lon":-81.6735},"image":{"title":"Hands in the air, blur photo","file":{"url":"//images.ctfassets.net/03fbs7oah13w/63puEMmiCyXkwhB2D9ad2H/cc69c62b0015b33a754042924e1fbd49/audience-blur-bokeh-976866.jpg"}}}},{"node":{"title":"Withdrawal Louisiana Bacon Applications Nebraska Rustic Rubber Table Berkshire","startDate":"2019-01-06T05:35:40.214Z","endDate":"2018-12-23T00:43:55.181Z","address":"569 Kaylee Parkway Apt. 438","region":"","country":"","eventType":"Webcast","slug":"/events/withdrawal-louisiana-bacon-applications-nebraska-rustic-rubber-table-berkshire","locationName":"Qatari Rial e-services backing up Graphic Interface open-source Representative transmitting Metal customer loyalty","locationCoordinates":{"lat":-53.3848,"lon":45.0572},"image":{"title":"Hands in the air, blur photo","file":{"url":"//images.ctfassets.net/03fbs7oah13w/63puEMmiCyXkwhB2D9ad2H/cc69c62b0015b33a754042924e1fbd49/audience-blur-bokeh-976866.jpg"}}}},{"node":{"title":"Group Buckinghamshire Bypass Robust Back-end Backing Up","startDate":"2019-01-03T10:47:11.863Z","endDate":"2018-12-21T03:02:13.517Z","address":"305 Bethany Light Apt. 167","region":"","country":"","eventType":"Fitch Ratings Hosted","slug":"/events/group-buckinghamshire-bypass-robust-back-end-backing-up","locationName":"viral hub virtual navigate Spurs","locationCoordinates":{"lat":18.8273,"lon":61.8192},"image":{"title":"Hands in the air, blur photo","file":{"url":"//images.ctfassets.net/03fbs7oah13w/63puEMmiCyXkwhB2D9ad2H/cc69c62b0015b33a754042924e1fbd49/audience-blur-bokeh-976866.jpg"}}}},{"node":{"title":"Calculate Administrator Fork Indexing Investment Account Minnesota Industrial Orange Unbranded","startDate":"2018-12-30T05:49:23.699Z","endDate":"2019-01-12T00:12:15.296Z","address":"168 Bashirian Divide Apt. 777","region":"","country":"","eventType":"Fitch Ratings Hosted","slug":"/events/calculate-administrator-fork-indexing-investment-account-minnesota-industrial-orange-unbranded","locationName":"info-mediaries Tools Mall Rwanda Mills bypass withdrawal","locationCoordinates":{"lat":24.3034,"lon":-122.4482},"image":{"title":"Hands in the air, blur photo","file":{"url":"//images.ctfassets.net/03fbs7oah13w/63puEMmiCyXkwhB2D9ad2H/cc69c62b0015b33a754042924e1fbd49/audience-blur-bokeh-976866.jpg"}}}},{"node":{"title":"Methodologies Http Towels Initiatives Cook Islands Panel Republic Of Korea","startDate":"2019-01-13T20:21:40.032Z","endDate":"2018-12-28T18:25:00.694Z","address":"9002 Mariela Ford Apt. 022","region":"","country":"","eventType":"Teleconference","slug":"/events/methodologies-http-towels-initiatives-cook-islands-panel-republic-of-korea","locationName":"Loaf indexing Practical Plastic Hat card motivating local","locationCoordinates":{"lat":40.6043,"lon":-78.5173},"image":{"title":"Hands in the air, blur photo","file":{"url":"//images.ctfassets.net/03fbs7oah13w/63puEMmiCyXkwhB2D9ad2H/cc69c62b0015b33a754042924e1fbd49/audience-blur-bokeh-976866.jpg"}}}},{"node":{"title":"Quantifying Refined Hack Hybrid Steel Hybrid Plastic Incredible Frozen Ball Gorgeous","startDate":"2018-12-31T12:12:16.181Z","endDate":"2018-12-28T01:34:35.771Z","address":"97610 Dillon Stream Suite 871","region":"","country":"","eventType":"Fitch Ratings Sponsored","slug":"/events/quantifying-refined-hack-hybrid-steel-hybrid-plastic-incredible-frozen-ball-gorgeous","locationName":"Directives redundant enterprise Cotton Refined Kwanza aggregate Manager Chilean Peso Unidades de fomento","locationCoordinates":{"lat":-20.4385,"lon":-176.1685},"image":{"title":"Hands in the air, blur photo","file":{"url":"//images.ctfassets.net/03fbs7oah13w/63puEMmiCyXkwhB2D9ad2H/cc69c62b0015b33a754042924e1fbd49/audience-blur-bokeh-976866.jpg"}}}},{"node":{"title":"Bandwidth Home Loan Account Bike Navigate Maryland Invoice Pixel","startDate":"2018-12-29T13:23:21.805Z","endDate":"2019-01-10T01:38:23.653Z","address":"714 Kali Gardens Suite 380","region":"","country":"","eventType":"Teleconference","slug":"/events/bandwidth-home-loan-account-bike-navigate-maryland-invoice-pixel","locationName":"AGP withdrawal USB Cuba Virtual XSS Station Kuwaiti Dinar","locationCoordinates":{"lat":-31.3323,"lon":155.9497},"image":{"title":"Hands in the air, blur photo","file":{"url":"//images.ctfassets.net/03fbs7oah13w/63puEMmiCyXkwhB2D9ad2H/cc69c62b0015b33a754042924e1fbd49/audience-blur-bokeh-976866.jpg"}}}},{"node":{"title":"Payment Synergies","startDate":"2018-12-18T15:17:10.714Z","endDate":"2018-12-31T13:01:13.321Z","address":"2241 Nedra Squares Apt. 325","region":"","country":"","eventType":"Fitch Solutions Hosted","slug":"/events/payment-synergies","locationName":"digital Analyst port","locationCoordinates":{"lat":-37.3374,"lon":50.7145},"image":{"title":"Hands in the air, blur photo","file":{"url":"//images.ctfassets.net/03fbs7oah13w/63puEMmiCyXkwhB2D9ad2H/cc69c62b0015b33a754042924e1fbd49/audience-blur-bokeh-976866.jpg"}}}},{"node":{"title":"Override","startDate":"2019-01-03T11:05:40.122Z","endDate":"2018-12-22T17:29:31.762Z","address":"88367 Olen Pike Suite 068","region":"","country":"","eventType":"Fitch Ratings Sponsored","slug":"/events/override","locationName":"Frozen South Georgia and the South Sandwich Islands Curve Orchestrator Avon parsing parallelism","locationCoordinates":{"lat":-83.4431,"lon":158.5361},"image":{"title":"Hands in the air, blur photo","file":{"url":"//images.ctfassets.net/03fbs7oah13w/63puEMmiCyXkwhB2D9ad2H/cc69c62b0015b33a754042924e1fbd49/audience-blur-bokeh-976866.jpg"}}}},{"node":{"title":"Kids Homogeneous","startDate":"2018-12-29T20:38:04.460Z","endDate":"2018-12-19T02:24:41.567Z","address":"47714 Okey Causeway Apt. 221","region":"","country":"","eventType":"Fitch Ratings Sponsored","slug":"/events/kids-homogeneous","locationName":"Consultant Soft Steel Serbian Dinar Bedfordshire","locationCoordinates":{"lat":45.6315,"lon":-99.148},"image":{"title":"Hands in the air, blur photo","file":{"url":"//images.ctfassets.net/03fbs7oah13w/63puEMmiCyXkwhB2D9ad2H/cc69c62b0015b33a754042924e1fbd49/audience-blur-bokeh-976866.jpg"}}}},{"node":{"title":"Logistical Deposit Kroon Calculate Generic Handcrafted Steel Sausages Fish Bedfordshire Primary","startDate":"2019-01-01T23:37:53.442Z","endDate":"2019-01-03T21:02:10.830Z","address":"1223 Antone Burgs Apt. 846","region":"","country":"","eventType":"Fitch Solutions Hosted","slug":"/events/logistical-deposit-kroon-calculate-generic-handcrafted-steel-sausages-fish-bedfordshire-primary","locationName":"Investment Account","locationCoordinates":{"lat":63.76,"lon":8.0053},"image":{"title":"Hands in the air, blur photo","file":{"url":"//images.ctfassets.net/03fbs7oah13w/63puEMmiCyXkwhB2D9ad2H/cc69c62b0015b33a754042924e1fbd49/audience-blur-bokeh-976866.jpg"}}}},{"node":{"title":"Connecticut Licensed Developer Circuit Maldives","startDate":"2018-12-29T18:38:28.444Z","endDate":"2018-12-19T08:34:45.155Z","address":"047 Willms Plains Apt. 075","region":"","country":"","eventType":"Teleconference","slug":"/events/connecticut-licensed-developer-circuit-maldives","locationName":"Frozen protocol synthesize Specialist Circle cyan","locationCoordinates":{"lat":43.2085,"lon":42.7808},"image":{"title":"Hands in the air, blur photo","file":{"url":"//images.ctfassets.net/03fbs7oah13w/63puEMmiCyXkwhB2D9ad2H/cc69c62b0015b33a754042924e1fbd49/audience-blur-bokeh-976866.jpg"}}}},{"node":{"title":"White Clothing Berkshire Jbod Silver","startDate":"2019-01-05T05:20:28.912Z","endDate":"2018-12-25T03:59:36.239Z","address":"423 Mary Lane Apt. 130","region":"","country":"","eventType":"Fitch Solutions Hosted","slug":"/events/white-clothing-berkshire-jbod-silver","locationName":"Kids toolset Venezuela Zloty Lead silver port revolutionary Walk","locationCoordinates":{"lat":48.5817,"lon":67.696},"image":{"title":"Hands in the air, blur photo","file":{"url":"//images.ctfassets.net/03fbs7oah13w/63puEMmiCyXkwhB2D9ad2H/cc69c62b0015b33a754042924e1fbd49/audience-blur-bokeh-976866.jpg"}}}},{"node":{"title":"Primary United Arab Emirates","startDate":"2019-01-06T15:47:55.015Z","endDate":"2018-12-28T07:53:53.705Z","address":"755 Barrows Grove Apt. 861","region":"","country":"","eventType":"Fitch Ratings Sponsored","slug":"/events/primary-united-arab-emirates","locationName":"bifurcated Associate","locationCoordinates":{"lat":-39.6786,"lon":6.845},"image":{"title":"Hands in the air, blur photo","file":{"url":"//images.ctfassets.net/03fbs7oah13w/63puEMmiCyXkwhB2D9ad2H/cc69c62b0015b33a754042924e1fbd49/audience-blur-bokeh-976866.jpg"}}}}]}}}