{"data":{"allContentfulPerson":{"edges":[{"node":{"firstName":"Eliane","lastName":"Gerhold","headshot":{"file":{"url":"//images.ctfassets.net/03fbs7oah13w/27UkmtlzmyMvMEyqaTBLCP/905ac437842e85a0c21e6977803e8642/profile-default.png"}}}},{"node":{"firstName":"Carissa","lastName":"Kutch","headshot":{"file":{"url":"//images.ctfassets.net/03fbs7oah13w/27UkmtlzmyMvMEyqaTBLCP/905ac437842e85a0c21e6977803e8642/profile-default.png"}}}},{"node":{"firstName":"Garfield","lastName":"Predovic","headshot":{"file":{"url":"//images.ctfassets.net/03fbs7oah13w/27UkmtlzmyMvMEyqaTBLCP/905ac437842e85a0c21e6977803e8642/profile-default.png"}}}},{"node":{"firstName":"Tillman","lastName":"O'Kon","headshot":{"file":{"url":"//images.ctfassets.net/03fbs7oah13w/27UkmtlzmyMvMEyqaTBLCP/905ac437842e85a0c21e6977803e8642/profile-default.png"}}}},{"node":{"firstName":"Theodore","lastName":"Gleason","headshot":{"file":{"url":"//images.ctfassets.net/03fbs7oah13w/27UkmtlzmyMvMEyqaTBLCP/905ac437842e85a0c21e6977803e8642/profile-default.png"}}}},{"node":{"firstName":"Rachelle","lastName":"Graham","headshot":{"file":{"url":"//images.ctfassets.net/03fbs7oah13w/27UkmtlzmyMvMEyqaTBLCP/905ac437842e85a0c21e6977803e8642/profile-default.png"}}}},{"node":{"firstName":"Theo","lastName":"Kemmer","headshot":{"file":{"url":"//images.ctfassets.net/03fbs7oah13w/27UkmtlzmyMvMEyqaTBLCP/905ac437842e85a0c21e6977803e8642/profile-default.png"}}}},{"node":{"firstName":"Heaven","lastName":"Stroman","headshot":{"file":{"url":"//images.ctfassets.net/03fbs7oah13w/27UkmtlzmyMvMEyqaTBLCP/905ac437842e85a0c21e6977803e8642/profile-default.png"}}}},{"node":{"firstName":"Lourdes","lastName":"Ebert","headshot":{"file":{"url":"//images.ctfassets.net/03fbs7oah13w/27UkmtlzmyMvMEyqaTBLCP/905ac437842e85a0c21e6977803e8642/profile-default.png"}}}},{"node":{"firstName":"Newell","lastName":"Sipes","headshot":{"file":{"url":"//images.ctfassets.net/03fbs7oah13w/27UkmtlzmyMvMEyqaTBLCP/905ac437842e85a0c21e6977803e8642/profile-default.png"}}}},{"node":{"firstName":"Enrique","lastName":"Kertzmann","headshot":{"file":{"url":"//images.ctfassets.net/03fbs7oah13w/27UkmtlzmyMvMEyqaTBLCP/905ac437842e85a0c21e6977803e8642/profile-default.png"}}}},{"node":{"firstName":"Levi","lastName":"Mraz","headshot":{"file":{"url":"//images.ctfassets.net/03fbs7oah13w/27UkmtlzmyMvMEyqaTBLCP/905ac437842e85a0c21e6977803e8642/profile-default.png"}}}},{"node":{"firstName":"Eusebio","lastName":"Rau","headshot":{"file":{"url":"//images.ctfassets.net/03fbs7oah13w/27UkmtlzmyMvMEyqaTBLCP/905ac437842e85a0c21e6977803e8642/profile-default.png"}}}},{"node":{"firstName":"Harvey","lastName":"Turner","headshot":{"file":{"url":"//images.ctfassets.net/03fbs7oah13w/27UkmtlzmyMvMEyqaTBLCP/905ac437842e85a0c21e6977803e8642/profile-default.png"}}}},{"node":{"firstName":"Shyanne","lastName":"Kreiger","headshot":{"file":{"url":"//images.ctfassets.net/03fbs7oah13w/27UkmtlzmyMvMEyqaTBLCP/905ac437842e85a0c21e6977803e8642/profile-default.png"}}}},{"node":{"firstName":"Sammy","lastName":"Jerde","headshot":{"file":{"url":"//images.ctfassets.net/03fbs7oah13w/27UkmtlzmyMvMEyqaTBLCP/905ac437842e85a0c21e6977803e8642/profile-default.png"}}}},{"node":{"firstName":"Jessie","lastName":"Braun","headshot":{"file":{"url":"//images.ctfassets.net/03fbs7oah13w/27UkmtlzmyMvMEyqaTBLCP/905ac437842e85a0c21e6977803e8642/profile-default.png"}}}},{"node":{"firstName":"Bart","lastName":"Bailey","headshot":{"file":{"url":"//images.ctfassets.net/03fbs7oah13w/27UkmtlzmyMvMEyqaTBLCP/905ac437842e85a0c21e6977803e8642/profile-default.png"}}}},{"node":{"firstName":"Korey","lastName":"Walker","headshot":{"file":{"url":"//images.ctfassets.net/03fbs7oah13w/27UkmtlzmyMvMEyqaTBLCP/905ac437842e85a0c21e6977803e8642/profile-default.png"}}}},{"node":{"firstName":"Brayan","lastName":"Blanda","headshot":{"file":{"url":"//images.ctfassets.net/03fbs7oah13w/27UkmtlzmyMvMEyqaTBLCP/905ac437842e85a0c21e6977803e8642/profile-default.png"}}}},{"node":{"firstName":"Lonny","lastName":"King","headshot":{"file":{"url":"//images.ctfassets.net/03fbs7oah13w/27UkmtlzmyMvMEyqaTBLCP/905ac437842e85a0c21e6977803e8642/profile-default.png"}}}},{"node":{"firstName":"Rebeka","lastName":"Cummerata","headshot":{"file":{"url":"//images.ctfassets.net/03fbs7oah13w/27UkmtlzmyMvMEyqaTBLCP/905ac437842e85a0c21e6977803e8642/profile-default.png"}}}},{"node":{"firstName":"Zachary","lastName":"Bashirian","headshot":{"file":{"url":"//images.ctfassets.net/03fbs7oah13w/27UkmtlzmyMvMEyqaTBLCP/905ac437842e85a0c21e6977803e8642/profile-default.png"}}}},{"node":{"firstName":"Abdul","lastName":"Bins","headshot":{"file":{"url":"//images.ctfassets.net/03fbs7oah13w/27UkmtlzmyMvMEyqaTBLCP/905ac437842e85a0c21e6977803e8642/profile-default.png"}}}},{"node":{"firstName":"Adalberto","lastName":"Herman","headshot":{"file":{"url":"//images.ctfassets.net/03fbs7oah13w/27UkmtlzmyMvMEyqaTBLCP/905ac437842e85a0c21e6977803e8642/profile-default.png"}}}},{"node":{"firstName":"Paris","lastName":"Medhurst","headshot":{"file":{"url":"//images.ctfassets.net/03fbs7oah13w/27UkmtlzmyMvMEyqaTBLCP/905ac437842e85a0c21e6977803e8642/profile-default.png"}}}},{"node":{"firstName":"Hildegard","lastName":"Gerhold","headshot":{"file":{"url":"//images.ctfassets.net/03fbs7oah13w/27UkmtlzmyMvMEyqaTBLCP/905ac437842e85a0c21e6977803e8642/profile-default.png"}}}},{"node":{"firstName":"Rosie","lastName":"Pagac","headshot":{"file":{"url":"//images.ctfassets.net/03fbs7oah13w/27UkmtlzmyMvMEyqaTBLCP/905ac437842e85a0c21e6977803e8642/profile-default.png"}}}},{"node":{"firstName":"Cornelius","lastName":"Prosacco","headshot":{"file":{"url":"//images.ctfassets.net/03fbs7oah13w/27UkmtlzmyMvMEyqaTBLCP/905ac437842e85a0c21e6977803e8642/profile-default.png"}}}},{"node":{"firstName":"Genoveva","lastName":"McDermott","headshot":{"file":{"url":"//images.ctfassets.net/03fbs7oah13w/27UkmtlzmyMvMEyqaTBLCP/905ac437842e85a0c21e6977803e8642/profile-default.png"}}}},{"node":{"firstName":"Eden","lastName":"Crist","headshot":{"file":{"url":"//images.ctfassets.net/03fbs7oah13w/27UkmtlzmyMvMEyqaTBLCP/905ac437842e85a0c21e6977803e8642/profile-default.png"}}}}]}}}