{"data":{"contentfulMarketSector":{"slug":"corporate-finance","title":"Corporate Finance","ratingsDisplayed":3,"researchDisplayed":3,"videosDisplayed":4,"eventsDisplayed":4,"podcastsDisplayed":2,"banner":{"image":{"file":{"url":"//images.ctfassets.net/03fbs7oah13w/8i8vUXfgV9z9krGdXWQd8/6e39a4dc04d8b499705312c9f85c8208/fitch-ratings-header-corps-001.jpg"}},"title":"Corporates Banner","abstract":{"abstract":"Fitch Ratings proactively covers more than 3.500 debt ratings and their debt instruments accross a wide range of global corporate sector - from aerospace and defense to retail and consumer products."}}}},"pageContext":{"slug":"corporate-finance"}}