{"data":{"site":{"siteMetadata":{"title":"Fitch Ratings","description":"Fitch Ratings is a leading provider of credit ratings, commentary and research. Dedicated to providing value beyond the rating."}},"allContentfulMarketSector":{"edges":[{"node":{"id":"318501ea-c652-5c3a-8433-bc5aa5e580f4","title":"Corporate Finance","slug":"corporate-finance"}},{"node":{"id":"0c2c14bb-ff3d-5b46-84b7-06a9d69af647","title":"Sovereigns","slug":"sovereigns"}},{"node":{"id":"86eb4b93-8dad-54be-b2a2-e0d37f29320e","title":"Swedish Krona Fresh Driver","slug":"swedish-krona-fresh-driver"}},{"node":{"id":"2d24b912-7cd8-5498-9456-1fabf6dae8c7","title":"Cross Media International","slug":"cross-media-international"}},{"node":{"id":"81bb3618-27ed-5102-b6b3-deb7423ee405","title":"Team Oriented Cultivate Table","slug":"team-oriented-cultivate-table"}},{"node":{"id":"d100be1c-947d-558d-bd92-8d85787e86b7","title":"Sports","slug":"sports"}},{"node":{"id":"7c72faf3-8ed8-5258-beda-3f611c560cf0","title":"Panel Extend","slug":"panel-extend"}},{"node":{"id":"0129ebec-8713-5529-8fe4-27bbd01931c6","title":"THX","slug":"thx"}},{"node":{"id":"cf9ef439-04fb-5df6-be9d-01deab921887","title":"Granite Infrastructure","slug":"granite-infrastructure"}},{"node":{"id":"cdeb805c-3432-5c31-8e79-1938131dbbfc","title":"Central African Republic Internal","slug":"central-african-republic-internal"}},{"node":{"id":"8ad9a9be-03f6-5a50-a04f-01538bb64adf","title":"Mouse Firewall","slug":"mouse-firewall"}},{"node":{"id":"030b2136-04f3-52b6-9da2-4b4985b8077a","title":"Methodologies Soap Implementation","slug":"methodologies-soap-implementation"}},{"node":{"id":"64921439-55d0-54c0-bfd8-7ba96fd332f0","title":"Backing Up","slug":"backing-up"}}]}},"pageContext":{}}